taskName,k,draw,r_FL,r_OE,reliability
crowding,2.0,2,-0.07146278946323971,0.049508969905462274,0.043532595554154174
crowding,2.0,6,0.06526292453900955,0.0006152750955558093,0.049820474355477436
crowding,2.0,10,0.00023028664894317934,0.08611479168823453,0.05701744840501694
crowding,2.0,18,0.05606013552279778,-0.06058262482884429,0.04625877336338412
crowding,2.0,21,-0.05521658050472599,-0.031652035436014324,0.019801980198019802
crowding,2.0,22,0.0022398520572932275,0.2101887282887879,0.08767319314316808
crowding,2.0,24,-0.06587850975405762,-0.04465088486883152,0.019801980198019802
crowding,2.0,25,-0.11738530681562478,-0.24593500941351304,0.019801980198019802
crowding,2.0,26,0.0038663576025537646,-0.016619551182624922,0.019801980198019802
crowding,2.0,33,-0.003805891537221064,-0.0033243373639946392,0.019801980198019802
crowding,2.0,35,-0.07437924496200653,-0.005886116628806514,0.019801980198019802
crowding,2.0,39,0.015100586042404883,-0.036448063149342465,0.024278542846211434
crowding,2.0,41,-0.02147102024028037,-0.08716903042318498,0.019801980198019802
crowding,2.0,50,-0.010575253368046544,0.3410884103183194,0.11036020725036882
crowding,2.0,51,-0.06509905758812762,-0.01493173542528219,0.019801980198019802
crowding,2.0,52,0.05245433551578494,-0.012860338225415427,0.04478022545856223
crowding,2.0,54,-0.011955730650575909,0.05008222337316593,0.04377839658231595
crowding,2.0,55,0.003492269591936194,-0.016747385172649176,0.019801980198019802
crowding,2.0,65,-0.039297896436023876,0.139990097197917,0.07213167631331524
crowding,2.0,67,-0.11580707450509763,0.012472069392766204,0.02208899747686242
crowding,2.0,70,0.06260299037056898,-0.03817176481142959,0.04881968196435762
crowding,2.0,76,-0.00873369593843057,-0.050514541177455845,0.019801980198019802
crowding,2.0,77,-0.033186276437985794,-0.18650602621989526,0.019801980198019802
crowding,2.0,78,0.027805669497306687,-0.08750612199103511,0.03280307189004771
crowding,2.0,79,-0.0899524384990057,-0.03214364512819969,0.019801980198019802
crowding,2.0,84,0.09804604074525272,-0.007861573094337467,0.06072322472236553
crowding,2.0,85,0.00975709204465637,-0.010958498929642124,0.019801980198019802
crowding,2.0,88,-0.05459736531944438,0.21553547700838427,0.08873213677424299
crowding,2.0,90,0.05923801893381012,-0.05889861564028398,0.04752111360758366
crowding,2.0,91,-0.0550583605693811,0.078524613466147,0.05451680397902896
crowding,2.0,92,-0.0020173088968745453,0.04032682677334477,0.03937242205721529
crowding,2.0,93,-0.04447624088928845,0.00951163130609955,0.019801980198019802
crowding,2.0,95,-0.14339496844893734,-0.198562801611052,0.019801980198019802
crowding,2.0,99,-0.11280763763820618,0.12489558598162209,0.06826849181789858
crowding,2.0,101,0.0688501306973669,-0.03317172949284097,0.051136822018238555
crowding,2.0,102,-0.013685820940429262,-0.04757065042626861,0.019801980198019802
crowding,2.0,103,-0.006704358758795071,0.02052061700357102,0.028245421842608753
crowding,2.0,104,0.10093848994731353,-0.007347878734207729,0.061585029926874583
crowding,2.0,105,0.11459023082628282,-0.017545754345585186,0.06548559313823733
crowding,2.0,107,0.19473820623359725,0.00032978770485511644,0.08452814861386082
crowding,2.0,110,0.0501879934459758,-0.007618640156510166,0.04382358820769834
crowding,2.0,111,-0.06143086724404395,0.14077688244556016,0.0723267727822975
crowding,2.0,112,0.1398376251878239,-0.0017452067210222766,0.07209380040582636
crowding,2.0,117,-0.036990199511990236,0.028708202824581083,0.03332239252406354
crowding,2.0,121,-0.029900512935670004,-0.045589136434987874,0.019801980198019802
crowding,2.0,123,-0.022129440109271772,0.07099390523948514,0.051906335235606
crowding,2.0,124,-0.020929000177651876,-0.047924273225618354,0.019801980198019802
crowding,2.0,125,-0.07034227127347206,-0.060936752736116595,0.019801980198019802
crowding,2.0,126,-0.015657269368738912,0.06974887746980175,0.05146094142664443
crowding,2.0,127,-0.030357538177830084,0.10453436527465201,0.06263834060880175
crowding,2.0,129,-0.05685594849093207,0.01406903740073764,0.023444512300247272
crowding,2.0,134,0.13501619363242018,-0.03588510411034194,0.07088448115551994
crowding,2.0,137,-0.07447306113422399,0.11133097852346927,0.06457786989598119
crowding,2.0,139,0.11630621305163097,-0.1512796276361558,0.06595798242655972
crowding,2.0,140,-0.00029710279499236105,-0.001096858937803895,0.019801980198019802
crowding,2.0,142,-0.03700160022875719,0.025219271951224243,0.031264652879536746
crowding,2.0,143,0.02313079907971041,-0.06444325582247688,0.0299619403183933
crowding,2.0,144,-0.009591054745012375,0.1591546673901802,0.07672740887667633
crowding,2.0,146,0.20807269866156644,-0.010142859222346697,0.08725006243764179
crowding,2.0,148,-0.08609650389408378,0.022766656498387095,0.029728682485368862
crowding,2.0,151,0.2076065341431995,0.008931153098625903,0.08715653204573236
crowding,2.0,152,-0.09570281832209407,-0.1221695644993854,0.019801980198019802
crowding,2.0,153,0.10877514601559637,-0.06452482050546612,0.06385611126667202
crowding,2.0,155,0.12595971728508074,-0.029267182830069197,0.06854875759628745
crowding,2.0,160,0.06153719723969797,0.004635074331546604,0.048412431886845304
crowding,2.0,161,-0.027958797548032745,0.06199363135991193,0.04858728901650327
crowding,2.0,162,-0.1819386097598876,-0.12085429859562048,0.019801980198019802
crowding,2.0,163,0.12481149012629462,-0.023942051787860155,0.06824628876473109
crowding,2.0,166,0.01907598052109105,-0.061131485901679904,0.02724684256163817
crowding,2.0,168,0.08237566910832513,-0.03660349154847601,0.05580077656498625
crowding,2.0,169,-0.08360365289832894,-0.20014781516074223,0.019801980198019802
crowding,2.0,170,0.006607610760401466,0.03368988537442389,0.036047956107853454
crowding,2.0,171,-0.0024382670320577155,0.0910995077375117,0.05859678122158012
crowding,2.0,174,0.0772496057244813,-0.011906572591713498,0.05408441446407689
crowding,2.0,175,-0.007447224112168126,0.18149598361755667,0.08172309532425463
crowding,2.0,179,0.0937325698117274,-0.012777921115254259,0.05941258817876169
crowding,2.0,180,-0.14159392040126606,-0.12066800543900305,0.019801980198019802
crowding,2.0,181,-0.06974207565779528,0.05401622805151582,0.04542699646035102
crowding,2.0,185,-0.10973178660806879,0.0029055726728465566,0.019801980198019802
crowding,2.0,190,-0.023136040274804745,0.0033685787259413237,0.019801980198019802
crowding,2.0,191,-0.01365883242145706,-0.08664670400141779,0.019801980198019802
crowding,2.0,192,-0.04542014414369012,0.16648260247526597,0.07840543866811094
crowding,2.0,193,-0.13488176217661157,-0.14118050437690546,0.019801980198019802
crowding,2.0,196,-0.02829550141307391,-0.14713118991622756,0.019801980198019802
crowding,2.0,197,-0.11890859377233173,0.0010187554720715558,0.019801980198019802
crowding,2.0,198,-0.07805923251170378,-0.03624849818872548,0.019801980198019802
crowding,4.0,58,0.08497642071474802,-0.08858463769811546,0.05665004152269707
crowding,4.0,67,-0.0015552128175572086,0.03216631156748421,0.03523794666377904
crowding,4.0,77,0.06074470046946915,-0.026165806931988604,0.04810720857121719
crowding,4.0,84,0.13865287688420588,-0.018818517295140044,0.07179873713432641
crowding,4.0,93,-0.0912834560828507,0.13292688332555183,0.07035325918448303
crowding,4.0,95,0.08957694442721394,0.006751912563724476,0.05811933800512738
crowding,4.0,107,0.034630767360508734,-0.10362016260603009,0.03653872572937893
crowding,4.0,112,0.08875198106410474,-0.02009896775707069,0.057858852680873686
crowding,4.0,117,-0.040921299922797486,0.04044038928066916,0.03942672841973685
crowding,4.0,122,0.11165158862884005,0.004282754313544784,0.06466778405748932
crowding,4.0,128,0.1212679915293809,-0.0064713698277013825,0.06730336566957863
crowding,4.0,148,0.007042058934542801,0.1381423962900298,0.07167118475990367
crowding,4.0,152,0.09608497214211256,-0.007072783547669961,0.06013122974688382
crowding,4.0,153,0.048239490304396046,-0.06553531806461763,0.04298292539624977
crowding,4.0,161,-0.017497976797466452,-0.12720034118953868,0.019801980198019802
crowding,4.0,169,-0.003160500595688906,-0.06579260863453344,0.019801980198019802
crowding,4.0,180,0.06588295015814605,-0.028371916446083383,0.05005066435799925
crowding,4.0,181,0.008651081169801211,0.037028055199695,0.037758770797899965
crowding,4.0,192,-0.07317660296890909,0.045214850700266124,0.04164209925810609
crowding,4.0,196,-0.005270016472257113,-0.016038554929724697,0.019801980198019802
crowding,4.0,197,-0.016569184398905392,0.02745404478930692,0.03259839296337077
rsvp,2.0,2,-0.0590195293966552,-0.0590195293966552,0.019801980198019802
rsvp,2.0,9,-0.03673075093154429,-0.03673075093154429,0.019801980198019802
rsvp,2.0,13,-0.018664602634456663,-0.018664602634456663,0.019801980198019802
rsvp,2.0,15,-0.0037240696163346474,-0.0037240696163346474,0.019801980198019802
rsvp,2.0,16,-0.026907371868393284,-0.026907371868393284,0.019801980198019802
rsvp,2.0,17,-0.008347372655945078,-0.008347372655945078,0.019801980198019802
rsvp,2.0,18,-0.06145643691773906,-0.06145643691773906,0.019801980198019802
rsvp,2.0,23,0.0071021107499700436,0.0071021107499700436,0.019801980198019802
rsvp,2.0,25,-0.06332102286814,-0.06332102286814,0.019801980198019802
rsvp,2.0,28,0.004138225931199841,0.004138225931199841,0.019801980198019802
rsvp,2.0,30,-0.0007550157300913431,-0.0007550157300913431,0.019801980198019802
rsvp,2.0,32,-0.0944628560288062,-0.0944628560288062,0.019801980198019802
rsvp,2.0,34,-0.03476698399833166,-0.03476698399833166,0.019801980198019802
rsvp,2.0,35,-1.0524726756017037e-05,-1.0524726756017037e-05,0.019801980198019802
rsvp,2.0,40,-0.06916467572022539,-0.06916467572022539,0.019801980198019802
rsvp,2.0,46,-0.017995184039003763,-0.017995184039003763,0.019801980198019802
rsvp,2.0,50,-0.07897976268748803,-0.07897976268748803,0.019801980198019802
rsvp,2.0,51,-0.05691805511936075,-0.05691805511936075,0.019801980198019802
rsvp,2.0,52,-0.09547771973438683,-0.09547771973438683,0.019801980198019802
rsvp,2.0,53,-0.05031961631245968,-0.05031961631245968,0.019801980198019802
rsvp,2.0,55,-0.09701496048882965,-0.09701496048882965,0.019801980198019802
rsvp,2.0,57,-0.0389409615686817,-0.0389409615686817,0.019801980198019802
rsvp,2.0,59,-0.041666532589939013,-0.041666532589939013,0.019801980198019802
rsvp,2.0,60,0.0032286575910054683,0.0032286575910054683,0.019801980198019802
rsvp,2.0,62,-0.18789044736583707,-0.18789044736583707,0.019801980198019802
rsvp,2.0,67,-0.061211272948557015,-0.061211272948557015,0.019801980198019802
rsvp,2.0,68,-0.055166734791866776,-0.055166734791866776,0.019801980198019802
rsvp,2.0,70,-0.011955774927033928,-0.011955774927033928,0.019801980198019802
rsvp,2.0,71,0.0039766317539199555,0.0039766317539199555,0.019801980198019802
rsvp,2.0,75,-0.026251539777945313,-0.026251539777945313,0.019801980198019802
rsvp,2.0,79,-0.012294747185668312,-0.012294747185668312,0.019801980198019802
rsvp,2.0,81,-0.03106055863922021,-0.03106055863922021,0.019801980198019802
rsvp,2.0,83,-0.09869300648044749,-0.09869300648044749,0.019801980198019802
rsvp,2.0,86,-0.019763153566705778,-0.019763153566705778,0.019801980198019802
rsvp,2.0,88,-0.014371277026835,-0.014371277026835,0.019801980198019802
rsvp,2.0,90,-0.011343486780441583,-0.011343486780441583,0.019801980198019802
rsvp,2.0,91,-0.016204983491547902,-0.016204983491547902,0.019801980198019802
rsvp,2.0,97,-0.09817360776566715,-0.09817360776566715,0.019801980198019802
rsvp,2.0,99,-0.004414561698196718,-0.004414561698196718,0.019801980198019802
rsvp,2.0,102,0.002657603359394191,0.002657603359394191,0.019801980198019802
rsvp,2.0,105,-0.06460307467678127,-0.06460307467678127,0.019801980198019802
rsvp,2.0,106,-0.07310668380654083,-0.07310668380654083,0.019801980198019802
rsvp,2.0,111,-0.013098952009385604,-0.013098952009385604,0.019801980198019802
rsvp,2.0,114,-0.01139877283656974,-0.01139877283656974,0.019801980198019802
rsvp,2.0,115,0.005513630901355634,0.005513630901355634,0.019801980198019802
rsvp,2.0,117,-0.0024126004376489874,-0.0024126004376489874,0.019801980198019802
rsvp,2.0,123,0.004893543849644821,0.004893543849644821,0.019801980198019802
rsvp,2.0,124,-0.03904814183101615,-0.03904814183101615,0.019801980198019802
rsvp,2.0,128,-0.14969895261828303,-0.14969895261828303,0.019801980198019802
rsvp,2.0,132,-0.1521548617819847,-0.1521548617819847,0.019801980198019802
rsvp,2.0,137,0.007300058034508502,0.007300058034508502,0.019801980198019802
rsvp,2.0,139,-0.05522119541493613,-0.05522119541493613,0.019801980198019802
rsvp,2.0,140,-0.1585172111185319,-0.1585172111185319,0.019801980198019802
rsvp,2.0,143,-0.03580979983674802,-0.03580979983674802,0.019801980198019802
rsvp,2.0,148,-0.20224459930313676,-0.20224459930313676,0.019801980198019802
rsvp,2.0,149,-0.0827611071987914,-0.0827611071987914,0.019801980198019802
rsvp,2.0,151,-0.007374472443053843,-0.007374472443053843,0.019801980198019802
rsvp,2.0,154,-0.020909112629651616,-0.020909112629651616,0.019801980198019802
rsvp,2.0,156,-0.0807077909063531,-0.0807077909063531,0.019801980198019802
rsvp,2.0,162,-0.004597443733768556,-0.004597443733768556,0.019801980198019802
rsvp,2.0,163,-0.009239862007905084,-0.009239862007905084,0.019801980198019802
rsvp,2.0,169,-0.11899518887870277,-0.11899518887870277,0.019801980198019802
rsvp,2.0,170,-0.04872439448458666,-0.04872439448458666,0.019801980198019802
rsvp,2.0,172,-0.026479221570837895,-0.026479221570837895,0.019801980198019802
rsvp,2.0,174,-0.16975228832570485,-0.16975228832570485,0.019801980198019802
rsvp,2.0,177,-0.08690337037459785,-0.08690337037459785,0.019801980198019802
rsvp,2.0,181,-0.055822396915375126,-0.055822396915375126,0.019801980198019802
rsvp,2.0,182,-0.03607150661249664,-0.03607150661249664,0.019801980198019802
rsvp,2.0,183,-0.09206016519788957,-0.09206016519788957,0.019801980198019802
rsvp,2.0,184,-0.02388450458493911,-0.02388450458493911,0.019801980198019802
rsvp,2.0,193,-0.04987392865669621,-0.04987392865669621,0.019801980198019802
rsvp,2.0,195,-0.026549129127460703,-0.026549129127460703,0.019801980198019802
rsvp,2.0,198,-0.14524418505453704,-0.14524418505453704,0.019801980198019802
rsvp,4.0,25,-0.028975936779515012,-0.028975936779515012,0.019801980198019802
rsvp,4.0,26,-0.07985215522476326,-0.07985215522476326,0.019801980198019802
rsvp,4.0,34,-0.091938177878803,-0.091938177878803,0.019801980198019802
rsvp,4.0,54,-0.06559046979678348,-0.06559046979678348,0.019801980198019802
rsvp,4.0,55,-0.010448851649784149,-0.010448851649784149,0.019801980198019802
rsvp,4.0,62,-0.0370356825160384,-0.0370356825160384,0.019801980198019802
rsvp,4.0,83,-0.04509399970026168,-0.04509399970026168,0.019801980198019802
rsvp,4.0,119,-0.0004945456116978262,-0.0004945456116978262,0.019801980198019802
rsvp,4.0,121,-0.018697148113287917,-0.018697148113287917,0.019801980198019802
rsvp,4.0,132,0.006499454606085418,0.006499454606085418,0.019801980198019802
rsvp,4.0,138,-0.0033138092899718725,-0.0033138092899718725,0.019801980198019802
rsvp,4.0,140,0.005104238305275439,0.005104238305275439,0.019801980198019802
rsvp,4.0,148,-0.04816212497138629,-0.04816212497138629,0.019801980198019802
rsvp,4.0,151,-0.04466119823729998,-0.04466119823729998,0.019801980198019802
rsvp,4.0,162,0.0010404699626093497,0.0010404699626093497,0.019801980198019802
rsvp,4.0,169,-0.019835443489013907,-0.019835443489013907,0.019801980198019802
rsvp,4.0,185,-0.010472456353553915,-0.010472456353553915,0.019801980198019802
rsvp,4.0,193,-0.024243754796236472,-0.024243754796236472,0.019801980198019802
