,ProlificParticipantID,logBouma,logBouma,logBouma,logBouma,logBouma,logBouma,logBouma,logBouma,logBouma,logBouma,logBouma,logBouma,logBouma,logBouma,logBouma,logBouma,logBouma,logBouma,logBouma,logBouma,logBouma,logBouma,logBouma,logBouma,logRSVP,logRSVP,logRSVP,logRSVP,logRSVP,logRSVP,logRSVP,logRSVP,logRSVP,logRSVP,logRSVP,logRSVP,logRSVP,logRSVP,logRSVP,logRSVP,logRSVP,logRSVP,logRSVP,logRSVP,logRSVP,logRSVP,logRSVP,logRSVP
font,,Agoesa,Arial,Baskerville,Caslon,Courier,Edwardian,Extenda,Frutiger,Georgia,HautRelief,LeMonde,Letraflex,LiebeLotte,Museo,Omfug,Optimistic,ProximaNova,Rollerscript,Sabon,ScarletWood,TheSans,TimesNewRoman,Tiny,Zapfino,Agoesa,Arial,Baskerville,Caslon,Courier,Edwardian,Extenda,Frutiger,Georgia,HautRelief,LeMonde,Letraflex,LiebeLotte,Museo,Omfug,Optimistic,ProximaNova,Rollerscript,Sabon,ScarletWood,TheSans,TimesNewRoman,Tiny,Zapfino
0,5563984afdf99b672b5749b6,,,,,,,,,,,,,,,-0.033447277625914755,,,,,,,-0.686242528927322,,,,,,,,,,,,,,,,,2.6128478773836434,,,,,,,2.646238681383643,,2.436402276883643
1,55b2d3f2fdf99b525bc839aa,,,,,,,,,,,,,,,-0.176077338337275,,,,,,,-0.21451798186875043,,,,,,,,,,,,,,,,,2.823242676883644,,,,,,,2.9482193873836438,,2.5634933743836434
2,55ec49b67480920010aaa4e8,,,,,,,,,,,,,,,-0.254886707692354,,,,,,,-0.597694887076892,,,,,,,,,,,,,,,,,2.513622793883644,,,,,,,2.8073621503836437,,2.603427031883643
3,5608a73fd7def20012b7389d,,-0.9681668608969285,,,,,-0.611771040524675,,,,,-0.361081623280069,,,,,,,,,,,,,,3.1857360833836426,,,,,3.058742492883643,,,,,3.133551675883642,,,,,,,,,,,,
4,5658000ca9872d0011e1ba26,,,,,,,,-1.0177792800524115,,-0.157747534317396,,,,,,,,,-1.08061997687637,,,,,,,,,,,,,2.9707602058836438,,2.8646375178836436,,,,,,,,,2.991738227883643,,,,,
5,5685850c333cbd000d4e042f,,,,,,,,,,,,,,,-0.3102386670826555,,,,,,,-0.6994771940937635,,-0.20012847372408799,,,,,,,,,,,,,,,3.064179828883644,,,,,,,3.258430955883644,,3.1270275268836443
6,57334d427d01ed00098e8e69,,,,,,,,,,,,,,,,-0.8423977310391044,,,,,-0.7417743952318845,,0.6491729726524571,,,,,,,,,,,,,,,,,3.2784569563836428,,,,,3.223060527883644,,2.9838371803836425,
7,57b60487e5b60d0001083aea,,,,,,-0.207468163804,,,,,,,,-0.813599388131342,,,,,,,,,,,,,,,,2.9634152753836434,,,3.1884240833836444,,,,,3.015005430383644,,,,,,,,,,
8,588f1a4f7f238e000133c03f,,,,,,,,,,,,,,,-0.048199904881516896,,,,,,,-0.427564699552468,,,,,,,,,,,,,,,,,2.4929762508836433,,,,,,,2.8943053788836437,,2.6361248838836433
9,58a1fe40ea3d11000170d9b9,,,,,,,,,,,,,,,-0.7464909434465735,,,,,,,-1.1605889387858301,,-0.6032888563191815,,,,,,,,,,,,,,,2.7549209188836437,,,,,,,3.026558773383643,,2.823745076383643
10,5910a5f8748d450001ba3a67,,,,-0.349931630116751,-0.155055895089108,,,,,,,,0.219319260259696,,,,,,,,,,,,,,,0.47512364388364337,1.6452368328836435,,,,,,,,1.4186026508836431,,,,,,,,,,,
11,59d9d9cd8fd07a0001842484,,,,,,,,-0.624899592266919,,-0.0434825832238729,,,,,,,,,-0.521871966590592,,,,,,,,,,,,,3.0082907863836432,,2.7946399668836435,,,,,,,,,2.956250481383644,,,,,
12,5a286558564bdf00016463fc,,-1.0072196476319,,,,,-0.525904313902448,,,,,-0.531107686420891,,,,,,,,,,,,,,2.9050749853836435,,,,,2.9089799173836433,,,,,2.929292423883644,,,,,,,,,,,,
13,5a8d8079190420000156435d,-0.15916279614186163,,,,,,,,,,-0.482473106076337,,,,,,-0.901876042752588,,,,,,,,2.8082462658836436,,,,,,,,,,3.308360359883644,,,,,,3.181150205883643,,,,,,,
14,5a95a63e4eecca0001dd4cfa,,,,,,0.16472919531412325,,,-0.574614544185261,,,,,-0.791239422516195,,,,,,,,,,,,,,,,2.058704756383644,,,2.611170505883644,,,,,2.4161537788836434,,,,,,,,,,
15,5adef850eb60400001539109,,,,,,,,,,,,,,,,-0.9279817248969655,,,,,-0.706085483374189,,0.301757904707783,,,,,,,,,,,,,,,,,3.2290005993836437,,,,,3.1737585873836425,,2.9618753368836446,
16,5b735a4c3503c60001a891b7,,,-0.8381185276416325,,,,,,,,,,,,,,,-0.22968559125248986,,-0.8847558042509605,,,,,,,3.142287495383645,,,,,,,,,,,,,,,3.165442411883644,,3.122155713383644,,,,
17,5c43517c8fefb60001c447fe,,-0.5531805770736204,,,,,-0.09903273633361515,,,,,-0.233633924252218,,,,,,,,,,,,,,2.9811972538836438,,,,,2.8280284333836434,,,,,2.843893399383644,,,,,,,,,,,,
18,5c4e3977c0783c00016936f9,,,,-0.571674970530333,-0.881251549084213,,,,,,,,0.077881893574134,,,,,,,,,,,,,,,3.251381514883644,3.3071582133836435,,,,,,,,3.044211298883643,,,,,,,,,,,
19,5c50046b2b89f500015e5f6b,,,,,,-0.753263398938289,,,-1.14552289135261,,,,,-1.222496077890245,,,,,,,,,,,,,,,,2.9873574413836437,,,3.190556515383643,,,,,3.195104267383643,,,,,,,,,,
20,5c663cd56fdc87000162e255,,,,,,,,-0.4641947525604635,,0.209963150305523,,,,,,,,,-0.36494701806100405,,,,,,,,,,,,,3.0223217043836437,,2.7255138978836433,,,,,,,,,3.1944852998836435,,,,,
21,5c8db07eb1f89a0016777fe0,,,-0.6307577709480534,,,,,,,,,,,,,,,0.0592385484059116,,-0.565530039350012,,,,,,,3.0781244128836436,,,,,,,,,,,,,,,2.9443211853836435,,3.173854508383643,,,,
22,5c904569bc1a950016fbfc91,,,,-0.5391375112602335,-0.5085782661452904,,,,,,,,0.1516484555776875,,,,,,,,,,,,,,,2.8501332133836437,2.7525874628836435,,,,,,,,2.5358676613836435,,,,,,,,,,,
23,5ccc60abe787e000167f8143,,,,,,0.5089131590320115,,,-0.916741884353122,,,,,-0.728453537357248,,,,,,,,,,,,,,,,2.994647891883644,,,3.3161641893836435,,,,,3.344626791883643,,,,,,,,,,
24,5cd063ce657e300016f6c95a,,,,,,,,,,,,,,,,-0.881539570276707,,,,,-1.114075986014585,,0.24057978431911903,,,,,,,,,,,,,,,,,3.3192395403836423,,,,,3.2976544353836443,,3.260534976883644,
25,5d3221b8eb6cfa0001950113,,-0.8998308908271775,,,,,-0.1904984033874825,,,,,-0.262475143779135,,,,,,,,,,,,,,3.0393300908836425,,,,,2.9023444198836437,,,,,2.9501909738836436,,,,,,,,,,,,
26,5d453e8723a5bb0001492546,,,-0.46436170038519253,,,,,,,,,,,,,,,0.0355899261415161,,-0.5545215601888416,,,,,,,3.191685582383643,,,,,,,,,,,,,,,2.989732820883644,,3.3579515598836434,,,,
27,5d76d2f7daf4bf00164d585b,,,,,,,,,,,,,,,,-1.056761248882025,,,,,-1.0143471651139015,,0.07944032776938255,,,,,,,,,,,,,,,,,3.314567117883644,,,,,3.299645262883644,,3.2718054333836433,
28,5d818a4fc7221b001aee787c,,,-0.761190773485813,,,,,,,,,,,,,,,0.0116622221715422,,-0.680072580589023,,,,,,,3.2769901873836433,,,,,,,,,,,,,,,2.962148708383643,,3.070629605883643,,,,
29,5dcec2e2f01cbe000a34bda4,,-1.229528553628765,,,,,-0.24297483890524668,,,,,-1.0077592265403106,,,,,,,,,,,,,,3.3389563713836443,,,,,3.315219708383643,,,,,3.335691814883644,,,,,,,,,,,,
30,5dcee1da1e70da02f89171ea,,,,,,,,-0.9066776124419396,,0.085398113196066,,,,,,,,,-0.8646576178942365,,,,,,,,,,,,,3.068461727883643,,2.975586953883643,,,,,,,,,3.1355464868836442,,,,,
31,5ddd744ee9a0bace34bc2d5a,,,-0.62167032151185,,,,,,,,,,,,,,,,,,,,,,,,2.8539307633836435,,,,,,,,,,,,,,,2.7903112158836434,,2.9946433483836437,,,,
32,5de985cf1be52f0a75357332,,,-0.568535896581333,,,,,,,,,,,,,,,0.15795902877429802,,-0.5663344536293745,,,,,,,2.949012514883644,,,,,,,,,,,,,,,2.9136388508836433,,2.9721569913836436,,,,
33,5dee8ee31255595293a9906b,,,,,,,,,,,,,,,,-1.5086196494376152,,,,,-1.446597252971755,,-0.4299893104720215,,,,,,,,,,,,,,,,,3.327372302883644,,,,,3.3140815658836438,,3.1803313168836427,
34,5e0c664d78322543b1fea686,,,-0.542500777396519,,,,,,,,,,,,,,,0.09284749884220346,,-0.48546787861328944,,,,,,,3.1361541928836436,,,,,,,,,,,,,,,3.0384267928836444,,3.0434852543836435,,,,
35,5e40c06ac0507c307ee951eb,,,,,,,,,,,,,,,,-0.512352996575765,,,,,-0.7324436707664045,,0.3882566608293515,,,,,,,,,,,,,,,,,1.5574839118836439,,,,,2.0032916908836436,,1.542329313383644,
36,5e4e844553bc702cdf68404d,,,,,,,,,,,,,,,,-1.08539854032303,,,,,-1.045907103022535,,0.34532437609070554,,,,,,,,,,,,,,,,,3.286277314383644,,,,,3.3355195123836427,,3.1860012608836437,
37,5e85088b3f06400f3f75e21f,-0.525945977940804,,,,,,,,,,,,,,,,,,,,,,,,3.340135656883644,,,,,,,,,,,,,,,,,,,,,,,
38,5ea196f089935b04d2ee69d9,,,,,,-0.022019968403932,,,-0.710398938152786,,,,,-0.69985344900791,,,,,,,,,,,,,,,,2.498658858883643,,,2.879633629883644,,,,,2.8931023308836434,,,,,,,,,,
39,5ea3310bf9c4f828f0c909c5,,,,,,,,,,,,,,,,-1.21818194856169,,,,,-1.1667856008676298,,0.17016189897836448,,,,,,,,,,,,,,,,,3.147748776383643,,,,,3.032281737883643,,2.9049335413836435,
40,5eaee5a2b1ad425c2eb0061d,,-1.1231651765887,,,,,-0.420498702457417,,,,,,,,,,,,,,,,,,,3.357266732383644,,,,,,,,,,,,,,,,,,,,,,
41,5ebe14249a676b1650b48531,,,,,,,,,,,,,,,0.01566773251034101,,,,,,,-0.521960311772272,,0.0127386388940677,,,,,,,,,,,,,,,2.939751702383644,,,,,,,3.0393625193836433,,2.8609303183836436
42,5ed081544e61f3163c036286,,,,,,,,,,,,,,,,-1.184091758671705,,,,,-1.21033813977362,,-0.013469800481091004,,,,,,,,,,,,,,,,,2.607916893883643,,,,,2.8658438698836433,,2.4861453428836437,
43,5ef6308c40846d2dfca0b66a,,,,,,0.10816993893164485,,,-0.38048784412407155,,,,,-0.5869813234844835,,,,,,,,,,,,,,,,2.5943920148836437,,,2.8552614383836437,,,,,2.8412290008836436,,,,,,,,,,
44,5f0a686635f72917e94c7a63,,,,,,,,,,,,,,,-0.4378851426265595,,,,,,,-1.0349462218680259,,-0.2542562588074495,,,,,,,,,,,,,,,2.8234023513836437,,,,,,,2.9286365403836436,,2.8577860233836434
45,5f14d5cdb5d4c20e78dc1672,,,,-0.869691925475369,-0.7589802955223915,,,,,,,,-0.1983025939720644,,,,,,,,,,,,,,,3.131845111383643,3.177077875883644,,,,,,,,2.943453584383643,,,,,,,,,,,
46,5f4263457bfe15430497cebb,,,,,,-0.119905864260658,,,-1.09029824981223,,,,,-1.14639600166026,,,,,,,,,,,,,,,,2.884824307383644,,,3.114824430383644,,,,,3.1224855933836437,,,,,,,,,,
47,5f47f20025bc3c12380a5cf4,,,,-0.48682771531539,-0.520628859287387,,,,,,,,0.1708793990241475,,,,,,,,,,,,,,,2.9983368988836436,3.1138298513836427,,,,,,,,3.0147830273836433,,,,,,,,,,,
48,5f51529b15e36638fe535eae,,,,-0.4034086594355315,-0.3036045392769395,,,,,,,,0.267596470122346,,,,,,,,,,,,,,,2.6980592003836437,2.703818166383644,,,,,,,,2.629364202383644,,,,,,,,,,,
49,5f6cdde7a8d71310b06e402a,,,,,,,,,,,,,,,,-0.7164451819527835,,,,,-0.606217546074099,,0.33530172257116253,,,,,,,,,,,,,,,,,3.065165242883643,,,,,3.0594632768836423,,2.9284171443836438,
50,5f828a47a08cb43c715fe3a2,,,,,,,,,,,,,,,,-0.5692740841694279,,,,,-0.5619580576315251,,0.535926760925037,,,,,,,,,,,,,,,,,2.9820086843836435,,,,,2.9380001548836434,,2.7679836363836436,
51,5fa4c21a04bc5912180291bc,,-1.1651820010120375,,,,,-0.2392225705657425,,,,,-0.8332861831129394,,,,,,,,,,,,,,3.249224298383643,,,,,3.148581182883644,,,,,3.2025905313836427,,,,,,,,,,,,
52,5fb2c8b4b04a8594fc0a3825,,,,,,,,,,,,,,,-0.32966949278124047,,,,,,,-0.805015220400674,,0.05029670949845,,,,,,,,,,,,,,,2.6201400233836436,,,,,,,3.079273465383642,,2.8370701613836435
53,5fc62b276deb34205bbe558c,-0.3920045905347095,,,,,,,,,,-0.94688849123678,,,,,,-1.12948742147339,,,,,,,,2.8488016798836435,,,,,,,,,,2.9796631918836427,,,,,,3.057132987883643,,,,,,,
54,5fd7782dee03dc08d3f3f491,0.039165907597456945,,,,,,,,,,-0.6296123601221215,,,,,,-0.692003904009248,,,,,,,,1.8708438383836437,,,,,,,,,,2.568095862883643,,,,,,2.644700587883644,,,,,,,
55,5ff082234cfb7df5d6371e99,,,,,,,,-1.064852518604035,,0.0099670017846345,,,,,,,,,-0.928453192309661,,,,,,,,,,,,,3.1378298438836447,,2.919325194383644,,,,,,,,,3.0693755288836435,,,,,
56,600f9342e7bc5518fa9ca92a,,,,,,,,,,,,,,,-0.396077115501414,,,,,,,-1.13846914785937,,-0.295100327443878,,,,,,,,,,,,,,,2.3227333603836446,,,,,,,2.6027303123836436,,2.369243683883643
57,6010b938b9d3f744e89a6447,,,,-0.874812384749271,-0.8584409802623745,,,,,,,,0.07425383623409951,,,,,,,,,,,,,,,3.287201547383645,3.444599547383643,,,,,,,,3.2407179013836425,,,,,,,,,,,
58,60121fca666552254559110d,,,,,,,,,,,,,,,-0.403926278824708,,,,,,,-1.057903954902085,,,,,,,,,,,,,,,,,3.0154733233836426,,,,,,,3.3320691678836436,,3.1600852748836425
59,60196ee67d099006f74c5bb3,,-1.078384091622975,,,,,-0.5680143950701355,,,,,-0.527199452960478,,,,,,,,,,,,,,3.284740947383643,,,,,3.2744751223836435,,,,,3.2255576523836433,,,,,,,,,,,,
60,606a3cf263a18869ac8ee0ed,,,,,,,,-0.7129016317537371,,-0.06678060500598995,,,,,,,,,-0.690551689179746,,,,,,,,,,,,,3.1702217973836424,,3.0861880993836435,,,,,,,,,3.424299885383644,,,,,
61,607db957e9d570c7c2657b8d,,-0.443228558327437,,,,,0.0062811867904356,,,,,-0.0886352172920204,,,,,,,,,,,,,,3.042426508383645,,,,,3.020353942883644,,,,,2.968014533383645,,,,,,,,,,,,
62,608bfa04767191aa4d57bfd8,,,,,,,,,,,,,,,,-0.8217290576676339,,,,,-0.875946014962432,,0.2097929829153675,,,,,,,,,,,,,,,,,2.8304426928836435,,,,,2.8745244088836435,,2.747283895883644,
63,60a48adfe091e410f4eaba34,,,-0.939061497764573,,,,,,,,,,,,,,,-0.07775524728485834,,-1.097302018194375,,,,,,,3.1413867563836444,,,,,,,,,,,,,,,2.8751456908836444,,3.0502914243836425,,,,
64,60c12fe6ca8c4aa6d0185190,,,,,,,,-0.8895240665707795,,-0.026883938038440996,,,,,,,,,-0.6376565288053384,,,,,,,,,,,,,2.7546976408836437,,2.5529349418836436,,,,,,,,,2.6500705523836436,,,,,
65,60c50f3ccf2eebcf270b9488,,,,-0.97534291015203,-0.986770784742926,,,,,,,,-0.492340238271411,,,,,,,,,,,,,,,3.3599766628836436,3.3200092618836434,,,,,,,,3.2354231093836434,,,,,,,,,,,
66,60fcefe49e61a0aa689df3c8,,,,,,,,,,,,,,,-0.24026369003855202,,,,,,,-0.520324837826139,,0.11977890238736134,,,,,,,,,,,,,,,2.9384789488836436,,,,,,,2.945821850383645,,2.8348653588836443
67,60fcf49be5dd0924d4eba91d,,,,,,,,,,,,,,,-0.11047492834851344,,,,,,,-0.632147580995126,,0.11486393294546965,,,,,,,,,,,,,,,3.086450521383643,,,,,,,3.301423266883644,,3.1592020373836447
68,60fd3245706969157168ad50,,,,,,,,-0.8235120443753695,,0.1623658533683653,,,,,,,,,-0.7269695703498605,,,,,,,,,,,,,3.1465233008836426,,3.1684071113836434,,,,,,,,,3.277849725383644,,,,,
69,60fd6618f9a377f54dcdf318,,,,,,,,,,,,,,,-0.16901656674117593,,,,,,,-0.504449549505445,,0.0748314912401161,,,,,,,,,,,,,,,2.6272593958836437,,,,,,,2.6947017868836434,,2.5861106308836437
70,60fde74940100db428b34a06,,,,-0.2967122559902265,-0.307636093152967,,,,,,,,0.24386704558987748,,,,,,,,,,,,,,,3.1414201798836436,2.9953330473836433,,,,,,,,3.013655932883644,,,,,,,,,,,
71,610aa9112817841658750e58,-0.815927471212743,,,,,,,,,,-1.15969142190656,,,,,,-1.19441459082493,,,,,,,,3.0649981978836434,,,,,,,,,,3.089166239383644,,,,,,3.2427086448836437,,,,,,,
72,6110a371c00388d587922ff1,,,,,,0.5901537038451565,,,-0.35770912329301896,,,,,-0.5608321331959495,,,,,,,,,,,,,,,,2.4991767713836435,,,0.6640549023836438,,,,,2.9495050273836436,,,,,,,,,,
73,611291090e626fdfde536f38,,,,,,-0.0842958187940488,,,-0.535368928694837,,,,,-0.841548751207492,,,,,,,,,,,,,,,,2.8678107183836437,,,2.9911859218836425,,,,,2.989533854383644,,,,,,,,,,
74,6116f60ae8f48f7d1244e8d3,,,,-0.3916357330109575,-0.30856287249186,,,,,,,,0.1070046223070564,,,,,,,,,,,,,,,2.787943518883644,2.8293775803836434,,,,,,,,2.7794619153836435,,,,,,,,,,,
75,613366e345d6b43d9fd2988e,,,-0.038914657057420296,,,,,,,,,,,,,,,,,0.0022795202723567987,,,,,,,2.788693926883643,,,,,,,,,,,,,,,2.7046482723836434,,2.751416475383644,,,,
76,6159fb27b6340dda3fc6a5c3,-1.10381037058714,,,,,,,,,,-1.03693287821703,,,,,,-1.06569312631715,,,,,,,,3.3762162618836435,,,,,,,,,,,,,,,,,,,,,,,
77,62728a4122289635e97d12f2,,,,-0.5702137677796826,-0.7506618410545455,,,,,,,,-0.04496874157238735,,,,,,,,,,,,,,,2.914177896883644,2.9778478073836445,,,,,,,,2.9141618513836436,,,,,,,,,,,
78,628c2454c8c66010dd87391d,,,,,,0.32918384089105146,,,-0.308578929376724,,,,,-0.397729318675932,,,,,,,,,,,,,,,,2.7533668023836437,,,2.849744710883644,,,,,2.9663372573836435,,,,,,,,,,
79,62c63362e7342ad8be294866,,,,,,,,,,,,,,,-0.2532835740336795,,,,,,,-0.594832258306609,,0.0346905060337853,,,,,,,,,,,,,,,2.6373198753836435,,,,,,,2.770599902383643,,2.6622973938836436
80,62ceba5fdab49dfc90278cbb,,,,-0.7248360915420955,-0.684220330110405,,,,,,,,-0.1382871559802945,,,,,,,,,,,,,,,2.682628158883644,2.9548217078836436,,,,,,,,2.7815102798836433,,,,,,,,,,,
81,62d43cee3d60ac98c1dcacc8,,,,,,-0.12128723469411448,,,-1.21078133529508,,,,,-1.27145715932184,,,,,,,,,,,,,,,,3.0043311708836438,,,3.080985738383643,,,,,3.1553266378836433,,,,,,,,,,
82,62e036569eccf0c9324081b6,-0.0156148635776049,,,,,,,,,,-0.656128714365209,,,,,,,,,,,,,,2.906822243383644,,,,,,,,,,3.0431420218836442,,,,,,3.128141097883644,,,,,,,
83,62e3f0611e915fdb3ff8b15f,,,,,,,,-0.8200367447241415,,-0.4522909394292129,,,,,,,,,-0.9266528226308146,,,,,,,,,,,,,2.923236573883644,,2.9204187733836435,,,,,,,,,3.1317469398836444,,,,,
84,62fc25ef4ce0d3d169b7a120,,,,,,,,,,,,,,,,,,,,,,,,,,,,,,,,,,3.3823980063836436,,,,,,,,,,,,,,
85,62fcd9d412c2f366e0df8de0,,,,,,,,,,,,,,,,-0.9279654479200135,,,,,-0.848974579369692,,0.0156931617600238,,,,,,,,,,,,,,,,,3.038260854883644,,,,,3.1150221888836427,,3.114313461883643,
86,63197fd7937a764ff92e0fea,,,-0.8848861125038661,,,,,,,,,,,,,,,-0.07143651690263834,,-0.9487471360545989,,,,,,,3.130532046383645,,,,,,,,,,,,,,,2.921016781883643,,3.1035913893836438,,,,
87,631f3abc8826b6e7e8982648,,,,,,,,-0.607343736576723,,-0.0001727958020158009,,,,,,,,,-0.619398087466472,,,,,,,,,,,,,2.9463100938836435,,2.8949739498836435,,,,,,,,,2.9080174973836446,,,,,
88,63254db937c17e8e9200fd54,,,,,,,,,,,,,,,-0.0890441073654944,,,,,,,-0.4548465589564535,,0.09448302624171845,,,,,,,,,,,,,,,2.578499458383644,,,,,,,2.7653323058836436,,2.7747711263836434
89,632b947efa9da6a9bde31f94,,,,,,,,,,,,,,,,-0.8171487423187811,,,,,-1.003485403996093,,0.4990521349249285,,,,,,,,,,,,,,,,,2.7199359523836435,,,,,2.785362327383644,,2.4971122088836433,
90,6337cba5cbed8cb3514a6504,,,,,,,,,,,,,,,-0.507423856948222,,,,,,,-0.8584076731192035,,-0.16524304343940235,,,,,,,,,,,,,,,2.5282916168836436,,,,,,,2.8815579668836433,,2.486964847383643
91,634696400ff1ac25ed01ad11,,-0.6197329712463835,,,,,-0.20722671057706948,,,,,-0.35302247251178354,,,,,,,,,,,,,,3.068298029383645,,,,,3.187497134883644,,,,,3.0850809313836445,,,,,,,,,,,,
92,63643728a38eaad0e7a70ee4,,,,,,,,,,,,,,,-0.12171484490153771,,,,,,,-0.963653427531455,,-0.2482823934009645,,,,,,,,,,,,,,,2.637025229383643,,,,,,,2.8931414663836437,,2.755172036883643
93,636da58a0d76bbb9167dbf3e,,,,,,0.21526024689879703,,,-0.597525798751496,,,,,-0.63322641163771,,,,,,,,,,,,,,,,2.794465761383644,,,2.9144591908836435,,,,,3.059357213383643,,,,,,,,,,
94,63d13dbf2d8a41f897c4d8fd,0.2787739589404665,,,,,,,,,,-0.35807512178180645,,,,,,-0.6802305305416531,,,,,,,,2.8307116583836436,,,,,,,,,,2.854995331883644,,,,,,2.8630377503836435,,,,,,,
95,63f8aeb6c9098e0ef3bf3553,,,,,,,,,-0.9938015305610806,,,,,-1.16328291977738,,,,,,,,,,,,,,,,3.353985258883644,,,3.418267621383644,,,,,3.3731431673836427,,,,,,,,,,
96,63fa2f029381a13d9f2a36a8,,,-0.5791328129302625,,,,,,,,,,,,,,,0.0812677177094641,,-0.462377193271236,,,,,,,3.1980957843836446,,,,,,,,,,,,,,,3.1632802333836443,,3.1626767978836425,,,,
97,6400dd2b5b4a2803b2fce1dc,,,,,,,,,,,,,,,,-0.873730435918707,,,,,-0.8710569592330679,,0.201472518492682,,,,,,,,,,,,,,,,,3.303037603883644,,,,,3.270696573883643,,3.008980000883643,
98,640d43c9451ce148162a7643,,,,,,,,,,,,,,,-0.276807673687668,,,,,,,-0.6196542014708055,,-0.302692902385488,,,,,,,,,,,,,,,2.8235559638836434,,,,,,,3.0265299283836438,,2.898307168883644
99,641081a1261eb10752b72497,,,,,,,,,,,,,,,,-0.192400565023254,,,,,-0.31628410698613996,,0.39374079485496305,,,,,,,,,,,,,,,,,2.9344939688836433,,,,,3.064066237383644,,2.7266630968836436,
100,64a6e31ef9a471c4f100c91f,,,,-0.625275700477746,-0.6100665151370195,,,,,,,,-0.0478189567832797,,,,,,,,,,,,,,,2.837596344383644,2.521568654383644,,,,,,,,2.5966520958836434,,,,,,,,,,,
101,650ee274aa4447ac435b7830,,,,,,,,,,,,,,,0.22525672592912,,,,,,,-0.4837061343179705,,0.297401445382652,,,,,,,,,,,,,,,2.3987411308836437,,,,,,,2.779239301883644,,2.5806017493836437
102,651034a4f128b24845c86772,-0.837914060316666,,,,,,,,,,-1.3578417275951549,,,,,,-1.330478279619145,,,,,,,,2.958820003383644,,,,,,,,,,3.214660498383644,,,,,,3.235993270883644,,,,,,,
103,65328dce159245f95fdd4e13,,,,,,,,,,,,,,,-0.495276448330259,,,,,,,-1.18657108799547,,,,,,,,,,,,,,,,,3.0417565228836443,,,,,,,3.1298760878836442,,3.1728973333836428
104,6543b0ff78de482130930dbc,,,,,,,,,,,,,,,,-0.814186361187847,,,,,-0.559784354218352,,0.0856681713705765,,,,,,,,,,,,,,,,,2.7942632043836433,,,,,2.7309936153836443,,2.6916907508836436,
105,6544ff9e0fb2eaaf83e2de5c,,,,,,,,,,,,,,,-0.1635363266659695,,,,,,,-0.7652008976217124,,-0.05893663313164,,,,,,,,,,,,,,,2.8928241503836434,,,,,,,3.1210034773836437,,2.9820419943836436
106,65490276dc42961a8e1cdec3,,,,,,,,,,,,,,,,-0.4478518717482615,,,,,,,0.36861107852309805,,,,,,,,,,,,,,,,,2.7367965283836435,,,,,2.977595853383644,,2.652584575883643,
107,654e3fca4ff8d33df725feae,0.116042834883296,,,,,,,,,,-0.494368903902374,,,,,,-0.621474241917986,,,,,,,,2.3048102753836437,,,,,,,,,,3.0162181273836435,,,,,,3.1246957423836434,,,,,,,
108,655f93b2b4482d62ae2483c9,,,,,,,,,,,,,,,-0.1937029126805225,,,,,,,-0.4289341220391515,,0.034449857574970155,,,,,,,,,,,,,,,2.784527500383644,,,,,,,2.803396478883643,,2.7058923453836434
109,6582f7759b8356cebd01a772,,,,,,,,,,,,,,,,,,,,,,-0.67958423720615,,,,,,,,,,,,,,,,,3.107143027383644,,,,,,,3.193754871383645,,3.086944288383642
110,65b29244459729780361bfbc,0.02466250894329349,,,,,,,,,,-0.99075552179469,,,,,,-1.0302451651545361,,,,,,,,1.8949470443836436,,,,,,,,,,2.6472977688836434,,,,,,2.7384514898836443,,,,,,,
111,65b98fe25e75b5acc3f44626,0.296264713713346,,,,,,,,,,-0.69077929088482,,,,,,-0.817393196072208,,,,,,,,2.2699011798836426,,,,,,,,,,2.937780291383644,,,,,,2.8856530348836436,,,,,,,
112,65d6a41c1e0b776e613d7c33,,,-0.528119263925637,,,,,,,,,,,,,,,-0.1606316923690876,,-0.6144782654688394,,,,,,,2.8837150223836434,,,,,,,,,,,,,,,2.7371463553836435,,2.897687839883644,,,,
113,65dfc1cb5d408773b1a4271a,,,,,,0.12768778382881352,,,-0.984896130697081,,,,,-1.1057038199406,,,,,,,,,,,,,,,,3.0295193128836435,,,3.2248507033836447,,,,,3.047176067383645,,,,,,,,,,
114,65e00891e4c0c8cad9c1583a,,,,,,,,-0.825514203569838,,-0.561602969602758,,,,,,,,,,,,,,,,,,,,,,3.102055244883644,,2.8634352718836436,,,,,,,,,3.015937026883643,,,,,
115,65f366dfcb46b71238e9418d,,,-0.08027212008349449,,,,,,,,,,,,,,,0.3861987449220055,,0.16138794377733132,,,,,,,2.8570415233836437,,,,,,,,,,,,,,,2.7586046133836435,,2.8391435368836437,,,,
116,65f5cbcd2324b8dd6f3ff42d,,,,,,,,,-0.3122090389844735,,,,,-0.06505368479448051,,,,,,,,,,,,,,,,2.8053013048836433,,,2.921354313383644,,,,,2.809454737883643,,,,,,,,,,
117,66043087e6f547531945bb3f,,,-0.5564648167740995,,,,,,,,,,,,,,,0.0264441055899063,,-0.5040594057226351,,,,,,,2.8855779418836436,,,,,,,,,,,,,,,2.666045193883644,,2.807196905383644,,,,
118,660cda55786e37b1cbb49717,,,-0.867759396243135,,,,,,,,,,,,,,,-0.136155301798082,,-0.842063931599944,,,,,,,2.7437280753836437,,,,,,,,,,,,,,,2.721512288883644,,2.8278545418836436,,,,
119,660f723e25e5e624f89bd176,,,,,,,,,,,,,,,0.0836734331179073,,,,,,,-0.8673413492751895,,0.2859671356891735,,,,,,,,,,,,,,,2.8562151293836435,,,,,,,3.1707271478836425,,3.0162141078836444
120,6615a12e1e26787cd3c070ed,,,,,,-0.930561248909338,,,-1.1972595027447248,,,,,-1.28935957215538,,,,,,,,,,,,,,,,3.098343924883644,,,3.3048628083836435,,,,,3.165562436883643,,,,,,,,,,
121,6619a6b7ce5da964c6d15b4d,,,,,,0.14546459398266198,,,-0.4705656204636335,,,,,-0.6218067422828655,,,,,,,,,,,,,,,,2.7337011418836434,,,2.8546666308836435,,,,,2.8626307588836437,,,,,,,,,,
122,662948ed99960b11f2f8e3fe,,,,,,,,,,,,,,,-0.0619305955385503,,,,,,,-0.503353561383534,,0.100352541660101,,,,,,,,,,,,,,,2.6695638273836435,,,,,,,2.9790417498836437,,2.8114576168836436
123,662959a100c7d3660da21a4d,,,,-0.717535191195051,-0.695319163828383,,,,,,,,-0.21985014940471348,,,,,,,,,,,,,,,3.221181360883643,3.247144904383644,,,,,,,,2.9173139668836434,,,,,,,,,,,
124,662959b221d6790f5548ba36,,,-0.8840183866836016,,,,,,,,,,,,,,,-0.0259481468623261,,-0.6690191746686145,,,,,,,3.0181303663836445,,,,,,,,,,,,,,,2.8813718348836437,,3.066345604383644,,,,
125,662cf9017b3c4d1b5366c308,,,,,,,,,,,,,,,,,,,,,,,,,,,,,,,,3.2609379063836434,,3.053300153883643,,,,,,,,,3.0620015273836434,,,,,
126,662d7fba32d6a738b194d893,,,-0.897729970803741,,,,,,,,,,,,,,,-0.2571642071404475,,-0.7317568810795521,,,,,,,2.9472687143836436,,,,,,,,,,,,,,,2.8701878583836438,,3.035703440883643,,,,
127,6631236a819d589594d78907,,,,,,,,,,,,,,,-0.3007916476738965,,,,,,,-0.750526005433964,,-0.000762733622401,,,,,,,,,,,,,,,2.9069845133836436,,,,,,,2.9862250508836428,,2.9496030878836437
128,66337d1de3bea5025f371c0b,,,,,,,,,,,,,,,,,,,,,,-0.456609844581093,,0.1312618986827,,,,,,,,,,,,,,,2.6451454683836433,,,,,,,2.9407709948836436,,2.8204649763836436
129,6634c1d8631a52e31f7bbfd1,,,,,,,,-1.1502260763191,,-0.267010896904121,,,,,,,,,-1.23584910496368,,,,,,,,,,,,,3.146734528383643,,2.9573526848836424,,,,,,,,,3.1871952518836437,,,,,
130,6634fb892af2e227ab65f004,,,,,,,,,,,,,,,0.00548602123554245,,,,,,,-0.6707127315986555,,0.06669592555805284,,,,,,,,,,,,,,,2.4870029628836443,,,,,,,2.856375426383644,,2.7999351378836437
131,663822d8a814aff3d650627c,,,,,,,,-0.9935990706875095,,-0.130201949789416,,,,,,,,,-0.8427505927939465,,,,,,,,,,,,,2.9688861758836436,,2.671979434383643,,,,,,,,,2.961577541883643,,,,,
132,663a422b52cb5c270f98f3ff,,,,,,0.1996173014228517,,,-0.680409936991799,,,,,-0.714644617795401,,,,,,,,,,,,,,,,2.345307706383644,,,2.6114756613836443,,,,,2.6238594598836436,,,,,,,,,,
133,663a5c3aff126ef7c5bd71a3,,-0.560435170046995,,,,,-0.546198072348763,,,,,-0.894122196781409,,,,,,,,,,,,,,3.176536985383643,,,,,3.219424473883644,,,,,3.264746696383643,,,,,,,,,,,,
134,663a8c84b8e7c046d854c8dd,,,,,,0.0034968681658197505,,,-0.692111865199698,,,,,-0.8825797221564016,,,,,,,,,,,,,,,,2.9695190983836435,,,3.1187836143836436,,,,,3.2190470083836447,,,,,,,,,,
135,663dff19b292e4e2c5c11a1b,,,,,,,,-0.597888953285456,,0.17241221222264552,,,,,,,,,-0.5922049383297435,,,,,,,,,,,,,2.648145368383644,,2.433575601883644,,,,,,,,,2.5772089013836434,,,,,
136,663f765f9fa234227ab6805c,0.038845057484343484,,,,,,,,,,-0.8006905507055375,,,,,,-0.8819548391162151,,,,,,,,3.012283341383643,,,,,,,,,,3.271645444383643,,,,,,3.2876760543836436,,,,,,,
137,6643bcf4ed868a9901a9dd7d,,,,,,,,-1.03698905827622,,,,,,,,,,,-1.101481274318485,,,,,,,,,,,,,3.3576718103836436,,3.1634797118836446,,,,,,,,,3.2978011533836433,,,,,
138,6645a794be029b87060615aa,,,-1.2189896172322,,,,,,,,,,,,,,,-1.00790202119451,,-1.16697975544435,,,,,,,3.255474511883644,,,,,,,,,,,,,,,3.034123853383643,,3.131892222883644,,,,
139,66463a880c519d1fe8124b10,,,,,,,,,,,,,,,,-1.16358021588773,,,,,-1.042470349604183,,0.1191203609977365,,,,,,,,,,,,,,,,,3.2017535583836434,,,,,3.134104770883643,,3.0370067788836437,
140,66478f227d798174d213c66e,,,,,,,,,,,,,,,,-0.726650925963909,,,,,-0.9390431167980134,,0.2472441435664,,,,,,,,,,,,,,,,,3.328488393883644,,,,,3.0918902503836447,,3.0489668603836435,
141,664a16dadcc9b3525dd04be1,,,,,,-0.787432946774075,,,-1.233986902215645,,,,,-1.261200838072305,,,,,,,,,,,,,,,,2.8358634433836434,,,3.2125037443836426,,,,,3.196520421883643,,,,,,,,,,
142,664a85285a37ffaabc5b0205,,,,,,-0.0964663857946867,,,-0.6713884105207559,,,,,-0.7705926888394875,,,,,,,,,,,,,,,,2.7713037443836432,,,3.020199733383643,,,,,2.8319346648836436,,,,,,,,,,
143,66521f2814361783a20f817a,,,,,,,,,,,,,,,,-1.0225330122973424,,,,,-1.07775740763871,,-0.07670342125305202,,,,,,,,,,,,,,,,,3.0022154123836433,,,,,2.986855720883643,,2.9847664363836426,
144,66578f9949d4c30ce9fb26f0,,,,,,,,,,,,,,,0.006888606243046151,,,,,,,-0.314916495475938,,,,,,,,,,,,,,,,,2.629347890383644,,,,,,,2.9679499148836435,,2.617566545883644
145,66646985b7cd65b52975ced8,,-1.1536401215798,,,,,-0.43772475004663103,,,,,-0.9402275538239125,,,,,,,,,,,,,,3.4022750323836437,,,,,3.2527529613836434,,,,,3.3276862603836435,,,,,,,,,,,,
146,6664dfc807e75330a8b54a8b,,-0.641892503052498,,,,,0.152756070727129,,,,,-0.24157792150596952,,,,,,,,,,,,,,2.9762958378836437,,,,,3.0639661858836442,,,,,2.9742484708836434,,,,,,,,,,,,
147,6669f862528d0daadf3d2fe6,-0.008863450511466503,,,,,,,,,,-0.9008375070650201,,,,,,-0.9281327067656009,,,,,,,,2.640839830883644,,,,,,,,,,3.0940448038836426,,,,,,3.2025590673836426,,,,,,,
148,667363a421930ecb36370e9e,,,,,,,,-0.771747306090229,,-0.0504533760162329,,,,,,,,,-0.738034601560255,,,,,,,,,,,,,2.791696620383644,,2.659680990383644,,,,,,,,,2.790683639883644,,,,,
149,6677f5427f4f962c707a91bb,-0.0800439305466166,,,,,,,,,,-0.7257860549373375,,,,,,-0.7138376445822205,,,,,,,,2.6163704583836433,,,,,,,,,,2.967453032883643,,,,,,2.995834603383644,,,,,,,
150,667998e5c55fe7def1eb7496,,,,-0.9509153003030906,-1.013088150325272,,,,,,,,-0.4175358324999045,,,,,,,,,,,,,,,,,,,,,,,,,,,,,,,,,,,
151,667f52753697ee3c2bdb9976,,,,,-0.27882261263493,,,,,,,,0.270150180210077,,,,,,,,,,,,,,,2.747062984883643,2.6267556553836435,,,,,,,,2.630282726383644,,,,,,,,,,,
152,66805f486ae4ada5289839e3,,-0.7951012705085976,,,,,-0.0380307111162524,,,,,-0.296912080716626,,,,,,,,,,,,,,2.8282364988836437,,,,,2.836686349383644,,,,,2.810501796383644,,,,,,,,,,,,
153,6682b197d953c2cf476e0bd7,,,,,,,,-0.7146400563160404,,-0.30976108881249104,,,,,,,,,-0.6999381293302429,,,,,,,,,,,,,3.1272398463836444,,2.9177406448836436,,,,,,,,,2.987433989883643,,,,,
154,66885d217777eda6f3a9b8dd,,,,,,-0.21804865036767207,,,-0.932660495509338,,,,,-0.961519839711863,,,,,,,,,,,,,,,,2.9579259683836434,,,3.189642305383644,,,,,3.206035849883644,,,,,,,,,,
155,668866e2b374a3ce385398b0,,-0.881257064036425,,,,,0.09428567739693525,,,,,-0.12499003555377225,,,,,,,,,,,,,,3.0322297533836426,,,,,2.6415347723836438,,,,,2.8046849523836443,,,,,,,,,,,,
156,668ac4c1b3549e7f656154d4,,-1.0090164287574002,,,,,-0.40421479216544054,,,,,-0.579612915697754,,,,,,,,,,,,,,3.1274349328836446,,,,,3.0778276443836425,,,,,3.054838393383644,,,,,,,,,,,,
157,668c7f53f74d7adcaf5c6d5e,,,,,,-0.365981462285826,,,-0.9158649195762836,,,,,-1.04034425542384,,,,,,,,,,,,,,,,3.0072629378836426,,,3.1483225248836435,,,,,3.341979005883643,,,,,,,,,,
158,66927feeb5bedd35aee3cc5f,,,,,,,,,,0.0559832385787683,,,,,,,,,-0.674395023557918,,,,,,,,,,,,,2.939969751383644,,2.644717635383644,,,,,,,,,2.8003337853836436,,,,,
159,6693450723a28e436302669b,0.12937313382773702,,,,,,,,,,-0.5419367016896854,,,,,,-0.6563063625281556,,,,,,,,2.4645397378836433,,,,,,,,,,2.845491822383644,,,,,,2.822191112383644,,,,,,,
160,6694251bbfc3e4a246f8125a,,,,,,,,-0.9636418264033559,,-0.32175760310989,,,,,,,,,-0.823097934460397,,,,,,,,,,,,,3.116155407383644,,3.0040645778836446,,,,,,,,,3.039461194883644,,,,,
161,669519293719d01c2fdd1311,,-0.702925433806736,,,,,-0.47999749894525245,,,,,-0.2626357268633845,,,,,,,,,,,,,,2.954458987383643,,,,,2.9474459858836433,,,,,2.9884600908836436,,,,,,,,,,,,
162,6695227ee33b1435180a693c,,,,,,,,,,,,,,,,-0.87120485025947,,,,,-0.9592195286496015,,0.7064970828829971,,,,,,,,,,,,,,,,,3.133622199883643,,,,,3.3252028943836436,,3.056259568383643,
163,6697db687b72c375cbe3cf3f,,,-0.8229456822687264,,,,,,,,,,,,,,,-0.33248306705115,,-0.732442975477212,,,,,,,2.9752920363836433,,,,,,,,,,,,,,,3.024685388383643,,2.973096342383643,,,,
164,66a2812744e8026f80ef0879,,,-0.470882464745173,,,,,,,,,,,,,,,-0.0064326187616595,,-0.690768847946028,,,,,,,2.9180806468836438,,,,,,,,,,,,,,,2.842650654383644,,3.024675224883644,,,,
165,66a3f9e04ef0793e01b941d7,,,,-0.7863901162409566,-0.784808861350356,,,,,,,,-0.0346475768035144,,,,,,,,,,,,,,,3.0061584488836433,3.024520395383643,,,,,,,,2.8632088603836436,,,,,,,,,,,
166,66a529d528f1beaaf60ec987,,,-0.7781454478003635,,,,,,,,,,,,,,,-0.0736674607183445,,-0.748626567314884,,,,,,,2.9729843263836435,,,,,,,,,,,,,,,2.990540693383643,,2.947036691883643,,,,
167,66a79b4aaf24282474164ba8,,,,,,-0.3148982362898893,,,-1.089341773700375,,,,,-1.1370651956280349,,,,,,,,,,,,,,,,2.9785977373836428,,,3.0302024483836436,,,,,3.1015342273836444,,,,,,,,,,
168,66a9979ad8c56c6f29446781,,,,,,,,,,,,,,,-0.8896405346211356,,,,,,,-1.0616775153287885,,-1.16201520767242,,,,,,,,,,,,,,,3.1466567538836427,,,,,,,3.0958183098836427,,3.0091795853836443
169,66ad51a1e19ebb113081bd4a,-0.14624242173801455,,,,,,,,,,-0.865346920306674,,,,,,-1.0386974734924275,,,,,,,,2.7836301993836434,,,,,,,,,,3.414078387383643,,,,,,3.365776816383644,,,,,,,
170,66b3e078bef7d6dd6c53e015,,,,,,,,,,,,,,,-0.330767012610045,,,,,,,-0.9014628643973295,,-0.3094929405480647,,,,,,,,,,,,,,,2.9264549278836443,,,,,,,3.085033724883644,,2.8836681388836443
171,66b8c57c379b1653b3b0042b,,,,,,0.181209638706127,,,,,,,,-0.6414735382584955,,,,,,,,,,,,,,,,2.9664046383836444,,,3.1143489283836425,,,,,2.968258676883644,,,,,,,,,,
172,66b92d3b18295c1e6c125b85,,,,,,,,,,,,,,,,-0.881973707286959,,,,,-0.801996892100608,,0.599582204139018,,,,,,,,,,,,,,,,,2.8520546828836437,,,,,2.8525189808836435,,2.594983683383644,
173,66ba3aae7ca0ab9bfdc5f2de,,,,,,,,,-1.1691274558069251,,,,,-1.215418664643955,,,,,,,,,,,,,,,,3.1128329038836435,,,3.2932511903836446,,,,,3.222810482383643,,,,,,,,,,
174,66bad67c8e7f9fff447d4a1d,,-0.8884830717021865,,,,,-0.263877152902087,,,,,-0.18032166728505775,,,,,,,,,,,,,,3.3198116158836433,,,,,3.289140182383644,,,,,3.2977782893836434,,,,,,,,,,,,
175,66bcffc3e6f77501141b3d0f,,,,-0.7620309846174,-0.6962737709381774,,,,,,,,-0.08580950405836951,,,,,,,,,,,,,,,3.0838789538836435,3.0380747518836433,,,,,,,,2.873967692383644,,,,,,,,,,,
176,66bd0b8a2d07447ae9a52ec3,,,-1.4085076613921599,,,,,,,,,,,,,,,-1.22016066566142,,-1.39072791743145,,,,,,,,,,,,,,,,,,,,,,,,,,,,
177,66bf519b34c66d259e5554d1,,,,,,,,,,,,,,,0.06477646776329116,,,,,,,-0.575616718598279,,-0.0062308020305869,,,,,,,,,,,,,,,2.9327227603836437,,,,,,,3.044670027383644,,2.7382467858836437
178,66bfd4b46a7e9cec65d88461,,,,-0.494259707436687,-0.40585891531872653,,,,,,,,0.032173547451466,,,,,,,,,,,,,,,2.8139995843836436,2.8314017578836435,,,,,,,,2.7938466113836435,,,,,,,,,,,
179,66c29b779cf30310f1591d03,-0.161313985294968,,,,,,,,,,-1.07428740199655,,,,,,-1.07710550365357,,,,,,,,2.8197697733836433,,,,,,,,,,3.1240625443836447,,,,,,3.006238449883644,,,,,,,
180,66c573ef958593d5c69b5a66,,,,,,,,-0.7001086810842935,,-0.09838685705080875,,,,,,,,,-0.696366913221897,,,,,,,,,,,,,3.0401755448836445,,2.969004000883644,,,,,,,,,3.181185763383644,,,,,
181,66cf20fddbb839227888305e,,,,-0.814841382810062,-0.756519833215493,,,,,,,,0.0100166866112764,,,,,,,,,,,,,,,3.328208158883644,3.104022357883645,,,,,,,,2.994029447383644,,,,,,,,,,,
182,66d282830897b77f5b260208,,,,,,,,,,,,,,,,,,,,,,,,,2.7849873218836434,,,,,,,,,,,,,,,,,,,,,,,
183,66d5d10f4defd1d7b2cdd5c5,,,,,,-0.4584836056577675,,,-1.109708519279375,,,,,-1.18225367062292,,,,,,,,,,,,,,,,3.0868861738836433,,,3.1535050248836445,,,,,3.0622080558836426,,,,,,,,,,
184,66d6341eb7b4aa17e073c514,,,,,,,,-0.911109645203791,,-0.239282187019383,,,,,,,,,-0.692161521399876,,,,,,,,,,,,,3.177700109883644,,2.9364362128836436,,,,,,,,,3.1305235478836435,,,,,
185,66d84e02c99eb8bbe8a3eb70,,,,-0.8176160792150865,-0.8342455812933135,,,,,,,,-0.2706447776337295,,,,,,,,,,,,,,,3.1461704163836437,3.1100588668836435,,,,,,,,2.9399267223836443,,,,,,,,,,,
186,66d87fec4dffa84ac87bd3d1,,,,,,,,,,,,,,,,-0.505804243272612,,,,,-0.5648924473650021,,0.4498762311719095,,,,,,,,,,,,,,,,,3.1465477928836423,,,,,3.172324911883644,,3.091701926383643,
187,66e0c0a1fab28ce6352ae19c,,,-0.5734898821150635,,,,,,,,,,,,,,,-0.09351814478994555,,-0.5244864454194009,,,,,,,2.6366282478836434,,,,,,,,,,,,,,,2.6692594603836435,,2.715691473383644,,,,
188,66e0f316a0095cad21c39447,,,-0.657668420508018,,,,,,,,,,,,,,,-0.13345486470477025,,-0.6118423783781035,,,,,,,2.9713834248836437,,,,,,,,,,,,,,,2.8158981243836436,,3.1001450533836428,,,,
189,66e18aed7a77c82578abfbab,,,-0.9281873140247721,,,,,,,,,,,,,,,-0.0753235526184238,,-0.8171295513861915,,,,,,,3.0738220603836433,,,,,,,,,,,,,,,2.9843225393836432,,3.2341382638836436,,,,
190,66e465310995bbdb0cb21fc4,-0.3180248910674702,,,,,,,,,,-1.0857244668805959,,,,,,-1.0218815540735604,,,,,,,,2.8080086778836435,,,,,,,,,,2.864393353883644,,,,,,2.9694378208836443,,,,,,,
191,66ea3bd1e07be8d1df0f1bd1,,,,,,,,,,,,,,,,,,,,,-1.38282525638469,,,,,,,,,,,,,,,,,,,,,,,,,,3.444599547383643,
192,66ee4d807a6161ba6a9b5211,,,,-1.0056906270161796,-1.024873544245453,,,,,,,,-0.648047036914521,,,,,,,,,,,,,,,3.208257418383643,3.2168551288836436,,,,,,,,3.1081816233836435,,,,,,,,,,,
193,66f2c8d993c4b348af208901,,,,,,,,,,,,,,,,-0.7547521763982705,,,,,-1.070783018653805,,0.2669437382327961,,,,,,,,,,,,,,,,,3.2744892083836437,,,,,3.247052709383643,,3.1189135828836436,
194,66f75ca6c63db2214194b1cc,,,,,,,,,,,,,,,0.0555457718625264,,,,,,,-0.1234482799511085,,,,,,,,,,,,,,,,,2.747900915383643,,,,,,,2.9319954553836434,,2.8036088623836433
195,66f8522292767238ed42ebbd,,,-0.801115852666491,,,,,,,,,,,,,,,-0.234275214502548,,-0.7980442473077675,,,,,,,2.861735036383644,,,,,,,,,,,,,,,2.915629756883644,,2.962401139383643,,,,
196,6702ebdec4a64e7153741612,,,,,,,,,,,,,,,0.0239756410585985,,,,,,,-0.178743443698197,,,,,,,,,,,,,,,,,2.4871535988836437,,,,,,,2.712156497883644,,2.472963788883643
197,67045812d0e2b4683f9b52af,,-1.1289711879113948,,,,,-0.5391695162317215,,,,,-0.7124378901524551,,,,,,,,,,,,,,3.404563517383643,,,,,3.277566456883644,,,,,3.3883175968836436,,,,,,,,,,,,
198,6704aaad38d6cca3e2221270,,,,,,,,,,,,,,,,,,,,,,,,,,,2.6068989993836436,,,,,,,,,,,,,,,2.6842173753836436,,2.922758886383644,,,,
199,670c17328b2ef3366ba42a34,,,,-0.6519921541439405,-0.5315430359672491,,,,,,,,-0.152253056205756,,,,,,,,,,,,,,,2.9504616438836435,2.9781967608836437,,,,,,,,2.8736643158836435,,,,,,,,,,,
200,670d26896cf59f0439013716,,,,,,,,-1.1046278723025549,,-0.13790574054432658,,,,,,,,,-0.9919697245793135,,,,,,,,,,,,,3.2510039718836437,,3.0921071053836426,,,,,,,,,3.1593137838836443,,,,,
201,67101014b833fd5fb2bfb9bd,,,-0.7462686550602715,,,,,,,,,,,,,,,-0.4164751877048265,,-0.903240644836611,,,,,,,2.8523810638836435,,,,,,,,,,,,,,,2.7266704408836437,,3.0069073873836443,,,,
202,67109ab5e81755a63e439744,-0.323644334892843,,,,,,,,,,-0.587854483773122,,,,,,-0.646007361696301,,,,,,,,2.959144170383643,,,,,,,,,,3.0075170973836434,,,,,,3.049503033383643,,,,,,,
203,6710f9c43f9a19c42df60bbd,,,-1.1233998242931,,,,,,,,,,,,,,,-0.7341371862045885,,-1.21650489795297,,,,,,,3.0686593718836432,,,,,,,,,,,,,,,3.0802478603836443,,3.1179237733836445,,,,
204,6712d5b9e3d84e9a520966fd,,,-0.635990966247846,,,,,,,,,,,,,,,0.135701663189987,,-0.3244184621640545,,,,,,,3.0197090743836434,,,,,,,,,,,,,,,2.879033760383644,,2.9216459563836437,,,,
205,6715129ec9c5aff7db36d7e7,,,,,,,,-0.45113102987811804,,0.375849038391815,,,,,,,,,-0.43158588383758,,,,,,,,,,,,,3.059106878383644,,2.5704732193836435,,,,,,,,,3.0400309063836444,,,,,
206,67161c96296d540cd7a0d27b,,,,,,0.0860780350335699,,,-0.800611642678381,,,,,-0.833980570016114,,,,,,,,,,,,,,,,2.8196564403836435,,,2.840067067383644,,,,,2.9982915828836427,,,,,,,,,,
207,6718da927f1110131780367d,,,,,,,,,,,,,,,-0.30343399194334,,,,,,,-0.9774029051903579,,0.071954410017675,,,,,,,,,,,,,,,3.044659850883643,,,,,,,3.188489748883643,,2.884099834383644
208,67191dfe860aa0ca395ac34b,,,,,,-0.778813415137238,,,-1.1347850656068,,,,,-1.2732704931644,,,,,,,,,,,,,,,,2.926475965383643,,,3.105578485883644,,,,,3.144555247883644,,,,,,,,,,
209,671c5ad0eb30c87c11b22ec4,,,,,,,,,,,,,,,-0.452331916330862,,,,,,,-1.016588578858887,,-0.20687069072436057,,,,,,,,,,,,,,,3.0510296918836417,,,,,,,3.1937576053836434,,3.1280712998836435
210,67204878583f5d5189916b3a,,,,-1.0956287038288002,-1.01115114289449,,,,,,,,-0.1886132645144765,,,,,,,,,,,,,,,3.3058208873836437,3.3262034718836437,,,,,,,,3.184617718383645,,,,,,,,,,,
211,6720f4ced2a11d4e702566fa,,,,,,,,,,,,,,,-0.16407148124242,,,,,,,-0.4438502386153905,,0.0369951571885827,,,,,,,,,,,,,,,2.6484475138836436,,,,,,,2.9045888298836435,,2.812004060383644
212,672106975d7804ed478646dd,,,,,,0.15638886934691215,,,-0.835344974294013,,,,,-0.8145764061133345,,,,,,,,,,,,,,,,2.9857826428836427,,,3.0231291648836427,,,,,3.2084609173836443,,,,,,,,,,
213,6722ee80fdfbe649d078a34a,,,,,,,,,,,,,,,,-1.3025765427246951,,,,,-1.3554982172520949,,-0.08849221791247204,,,,,,,,,,,,,,,,,3.3438942513836443,,,,,3.3138261463836436,,3.262290717883644,
214,67252f3e3cc0cf442d891970,,-1.146848285049825,,,,,-0.8367780632727795,,,,,-0.3215049187816488,,,,,,,,,,,,,,3.109422196383644,,,,,3.129422487383643,,,,,3.098679159383644,,,,,,,,,,,,
215,6726f38cd14d8ba8644f2bcf,,,-0.11710453689446729,,,,,,,,,,,,,,,0.14609928956178345,,-0.14881589667860945,,,,,,,3.1287748833836435,,,,,,,,,,,,,,,3.031094337383644,,3.139604896383643,,,,
216,672a556afa8f0c44bda988b3,,,,,,,,,,,,,,,-0.354128022147261,,,,,,,-0.7576169687695685,,-0.1173973748076274,,,,,,,,,,,,,,,3.0454136273836427,,,,,,,3.145962682383643,,2.995930776383643
217,672a56a48f56810ca01f305c,,-0.7509261983048555,,,,,-0.2757417936896182,,,,,-0.6528952719512571,,,,,,,,,,,,,,3.2660255913836433,,,,,2.8955987803836445,,,,,3.080093846383643,,,,,,,,,,,,
218,672d7980b09943f43d11addc,,,,,,,,-1.05987303046059,,-0.514040281349862,,,,,,,,,-0.891198578880878,,,,,,,,,,,,,2.8822815793836436,,3.2889203463836436,,,,,,,,,2.9121996473836442,,,,,
219,672ede539bd39a8deecc501d,,-0.952890694350859,,,,,-0.144996022869252,,,,,-0.136732922611194,,,,,,,,,,,,,,2.6907886088836435,,,,,2.701478567383643,,,,,2.641940393383643,,,,,,,,,,,,
220,6730c737dce40e874b43c450,,,-0.9075388815512695,,,,,,,,,,,,,,,-0.318232282551304,,-0.792209771780587,,,,,,,3.0536889678836436,,,,,,,,,,,,,,,3.021093475883643,,3.1168293478836446,,,,
221,67311e28e02cbcf245c5a979,,,,-0.470779450927281,-0.670885686619095,,,,,,,,-0.041041718563213994,,,,,,,,,,,,,,,3.111066397383644,3.0603104063836435,,,,,,,,2.8755841143836434,,,,,,,,,,,
222,6731c433f16c8f89a5ac9f3f,-0.2151979726485337,,,,,,,,,,-0.951207240035546,,,,,,-1.1464273617103151,,,,,,,,2.878944901883644,,,,,,,,,,3.2201915268836427,,,,,,3.1146086743836436,,,,,,,
223,673204494167687dfb6a5747,,,-1.03269461629271,,,,,,,,,,,,,,,-0.7806099404919294,,-1.21761240743496,,,,,,,3.172768101383644,,,,,,,,,,,,,,,2.8684941578836436,,3.1983923213836443,,,,
224,673219445982b7e6a1bdaa4b,,,,,,0.18220753148993044,,,-0.7203457215068785,,,,,-0.565778699439865,,,,,,,,,,,,,,,,2.900287582883644,,,2.955489779383643,,,,,2.9738613383836436,,,,,,,,,,
225,6733983217b9e8aaa7b1732d,,,,,,,,-0.7226685081014654,,0.0188216310574599,,,,,,,,,-0.545700682030945,,,,,,,,,,,,,3.034488848383643,,2.823402267383644,,,,,,,,,2.9295505428836437,,,,,
226,6735f1cb7f8b1ab0476fec9d,,,,,,,,,,,,,,,-0.12077608840786111,,,,,,,-0.7284146221254151,,0.132195235517725,,,,,,,,,,,,,,,2.7724615973836437,,,,,,,3.0663229193836434,,2.923535499383644
227,673dc43ca2f27f065ca2c6da,,,,-0.919792967737867,-0.7914562943080701,,,,,,,,-0.3369351214472605,,,,,,,,,,,,,,,2.966471296883644,3.0568715613836446,,,,,,,,3.0008628003836435,,,,,,,,,,,
228,673df250bedaf038ffda3ffe,-0.217141897091013,,,,,,,,,,-0.9690832810772689,,,,,,-0.902712860766788,,,,,,,,2.8325971948836437,,,,,,,,,,3.0038960293836436,,,,,,3.043466223383644,,,,,,,
229,673e249d764205ff4fdc5af1,,-0.864779961349176,,,,,-0.2412440328237155,,,,,-0.464507878010858,,,,,,,,,,,,,,3.0357523223836425,,,,,3.1628002313836423,,,,,3.2472080023836445,,,,,,,,,,,,
230,673f24ee854358e9465cb1bc,,-1.0502028858176335,,,,,-0.33074986594813,,,,,-0.9204982968162525,,,,,,,,,,,,,,3.2175040153836436,,,,,3.0507472188836435,,,,,3.1227828718836435,,,,,,,,,,,,
231,6740f4d7c6d4d0cd95172d6f,,-1.0531982281975745,,,,,-0.6645797458790265,,,,,-0.480986613850363,,,,,,,,,,,,,,3.2855239978836437,,,,,3.3774945443836435,,,,,3.309645879883644,,,,,,,,,,,,
232,6741d30a62b165b733689bfb,,,,,,,,-1.1594470154472751,,-0.659322851533369,,,,,,,,,-1.03004057581458,,,,,,,,,,,,,3.2276018773836426,,3.0698452538836443,,,,,,,,,3.166727045383645,,,,,
233,6742d74e9f7b3b029a3791a6,,,-0.87368930866525,,,,,,,,,,,,,,,-0.786531510997919,,-0.960243716706052,,,,,,,3.3120693648836435,,,,,,,,,,,,,,,3.2412201653836434,,3.2714845168836435,,,,
234,67439be8ee2236a7c078d523,,,,,,,,-0.873962576105358,,-0.107578791783486,,,,,,,,,-0.9173749014376125,,,,,,,,,,,,,3.2878272838836446,,3.2603342588836446,,,,,,,,,3.3462128738836436,,,,,
235,6744ca9c90e721e08163cfc6,,,,-0.10053942910941,-0.3574810351545885,,,,,,,,0.233470146427745,,,,,,,,,,,,,,,3.007114409883643,3.1211152078836433,,,,,,,,2.898188241883644,,,,,,,,,,,
236,6746017aad8d317b5749f443,,,-1.0015497526625516,,,,,,,,,,,,,,,-0.47072505874252846,,-0.59979679662332,,,,,,,3.0295894473836444,,,,,,,,,,,,,,,2.8590264018836438,,3.0321358843836435,,,,
237,6747f2e7a7bbb1b5cdb7b365,,,,,,,,,,,,,,,-0.22080673071233792,,,,,,,-0.6792717605749394,,0.215950637229171,,,,,,,,,,,,,,,2.2851365023836427,,,,,,,2.8460622478836433,,2.620247106883644
238,674b46b00690584bddd6e33b,,,,,,0.185371507481412,,,-0.991803522419369,,,,,-0.8630702530299945,,,,,,,,,,,,,,,,3.1851781573836444,,,3.3913975543836434,,,,,3.3550467448836434,,,,,,,,,,
239,674f9bbc0d8416277bf53c7c,,,,,,,,,,,,,,,-0.395921693631453,,,,,,,-0.9900878447171184,,0.0015034770434095013,,,,,,,,,,,,,,,3.1277346168836444,,,,,,,3.264282260383644,,3.0306313748836438
240,674fc9520d64ca724b0d8889,,,,,,0.278267417420098,,,-0.59236864778587,,,,,-0.875683973802957,,,,,,,,,,,,,,,,2.9885486893836433,,,3.214798000383644,,,,,3.212341434883644,,,,,,,,,,
241,675221767fb2620d5612418d,,,,,,,,,,,,,,,-0.08455302587528546,,,,,,,-0.4926821335227545,,0.120964035033869,,,,,,,,,,,,,,,2.8776532773836436,,,,,,,3.137878783883644,,3.0693255503836436
242,6753d465d75dd7351fe9970e,,,,,,,,,,,,,,,,-0.853449107364793,,,,,-0.829291385831521,,-0.10988686635427859,,,,,,,,,,,,,,,,,2.8291434933836435,,,,,2.9799694158836436,,2.6180493568836436,
243,6754d95f656838004bc46eed,-0.5714655526449091,,,,,,,,,,-1.23838755404983,,,,,,-1.245421036740265,,,,,,,,2.9075314333836437,,,,,,,,,,3.154716344883642,,,,,,3.1925174088836443,,,,,,,
244,6754e27f2604dff18a382fe1,,,-1.106519818544625,,,,,,,,,,,,,,,-0.1692663580442618,,-1.079180317941533,,,,,,,,,,,,,,,,,,,,,,3.387659381383644,,,,,,
245,6756716c18e4d36105a4febe,,,,,,-0.1403891259378498,,,-0.8468231531365304,,,,,-1.11831603637113,,,,,,,,,,,,,,,,2.985174720383643,,,3.051749411383642,,,,,3.2791194863836433,,,,,,,,,,
246,6759e0321b9522a674d5069f,,,-0.9128449885287999,,,,,,,,,,,,,,,-0.0468136925634695,,-0.8252442719604675,,,,,,,2.9921642713836434,,,,,,,,,,,,,,,2.9578627243836433,,2.9926172933836446,,,,
247,675a64a99571ac3d874a9f70,0.365196906335853,,,,,,,,,,0.0220288049428833,,,,,,-0.221867357145999,,,,,,,,2.4758125168836433,,,,,,,,,,3.0801428803836433,,,,,,2.969098352383644,,,,,,,
248,675a872930359ddc6902c712,0.18437912800637402,,,,,,,,,,-0.5494555711475965,,,,,,,,,,,,,,2.5815207493836434,,,,,,,,,,2.826875346883644,,,,,,2.897037246883644,,,,,,,
249,676040102f7407526e9d54e4,,,,-0.305094204322268,-0.531767370399323,,,,,,,,0.139661803365757,,,,,,,,,,,,,,,2.9541998523836446,3.056538826383643,,,,,,,,2.8487817683836436,,,,,,,,,,,
250,6760d5a1a688825bb6d46edb,,,,,,,,-0.8531263610743136,,0.1508922296483035,,,,,,,,,-0.5579805041855286,,,,,,,,,,,,,3.047406893383644,,2.805723045383644,,,,,,,,,2.9802963578836437,,,,,
251,6761e9f88b9ec3f7f3d16c01,,,,,,0.601098820932105,,,-0.199153355860932,,,,,-0.655763405114947,,,,,,,,,,,,,,,,2.680543636883644,,,3.1311465288836433,,,,,2.8765566563836433,,,,,,,,,,
252,6764062da2b9f9701881a8f2,,,,,,,,,,,,,,,,,,,,,,,,,,,,,,,,3.375665134383643,,2.525832638383643,,,,,,,,,3.370096310883643,,,,,
253,6765cd53d0e82aa83ed8bfdf,,,,,,,,,,,,,,,,-0.923805519446474,,,,,-0.9977691508398081,,0.17724534237843148,,,,,,,,,,,,,,,,,3.1968972153836432,,,,,3.2627587563836435,,3.0742778163836455,
254,676749381fe84453ec46e9b8,,,,,,,,-0.7889505578025655,,-0.255274980734033,,,,,,,,,-0.7161258161012825,,,,,,,,,,,,,2.9402439028836436,,2.8975627568836435,,,,,,,,,2.8900937048836433,,,,,
255,676779b173d3cbf6add72afa,,,,,,0.1568283092447535,,,-0.648101367611963,,,,,-0.4235265317983945,,,,,,,,,,,,,,,,2.7495083308836437,,,2.802426561383644,,,,,2.895283983383644,,,,,,,,,,
256,6767d7cb119ea20af1676aeb,,-0.9267190158628664,,,,,-0.2186216997650055,,,,,-0.41162980288692397,,,,,,,,,,,,,,3.315406143883643,,,,,3.257626369883644,,,,,3.263903277383644,,,,,,,,,,,,
257,6768450391e1d9ac579fca06,,,,,,,,-0.3973430177715685,,0.16089485312388752,,,,,,,,,-0.41926416384209253,,,,,,,,,,,,,2.604478061383644,,2.0740840968836434,,,,,,,,,2.343339203883643,,,,,
258,676c155981a61c339076a749,,,,,,-0.0465729016020245,,,-0.7453959796615885,,,,,-0.6659978648249825,,,,,,,,,,,,,,,,2.9148815013836433,,,2.939124239383643,,,,,3.058365468383643,,,,,,,,,,
259,676dd9b0699ea4140843ee0e,0.016821522384378798,,,,,,,,,,-0.5348016911255865,,,,,,-0.6568962619992065,,,,,,,,2.6919956298836434,,,,,,,,,,3.180307574883644,,,,,,3.0465991693836436,,,,,,,
260,676e2f99bfddac82b8e21e1c,,,,,,,,-1.0402311664667205,,-0.3094078967142298,,,,,,,,,-1.0723549103034502,,,,,,,,,,,,,2.6999081323836442,,2.5651290723836437,,,,,,,,,2.6268510283836433,,,,,
261,676edccd36ae0c0d06bd64c0,,-0.817785185015629,,,,,-0.157622688413814,,,,,-0.385047321805277,,,,,,,,,,,,,,3.1102180048836434,,,,,2.962475441383644,,,,,3.052133769883642,,,,,,,,,,,,
262,6772bd78a670c5b161661e50,,-0.597203153828238,,,,,-0.425067826899298,,,,,-0.31439529839264,,,,,,,,,,,,,,3.2621500058836435,,,,,3.011133419383644,,,,,3.2599622553836434,,,,,,,,,,,,
263,6774719d259406f00ce920b2,,,,,,,,,,,,,,,-0.213578017096238,,,,,,,-0.8102616352682586,,0.029398731981243903,,,,,,,,,,,,,,,2.6744793983836437,,,,,,,2.9900129133836444,,2.8965131248836444
264,6776a1c647ef21302ada22a6,,,,-1.092690495894575,-1.19560965271014,,,,,,,,-0.4811704534427025,,,,,,,,,,,,,,,3.0122303448836427,2.9143693813836435,,,,,,,,2.7519052113836437,,,,,,,,,,,
265,67775a3990c24dfe448b78bd,,,,,,,,,,,,,,,-0.07719707928546571,,,,,,,-0.548780360452465,,0.293981445379383,,,,,,,,,,,,,,,2.6193024798836433,,,,,,,2.8190489988836425,,2.7908928453836435
266,677843bffe966e4dc7f484b3,,,,,,-0.401793154097883,,,-0.70870442584814,,,,,-0.905370205566816,,,,,,,,,,,,,,,,2.925334443383644,,,3.0710408823836435,,,,,3.052675269383644,,,,,,,,,,
267,6778dd74333c5337f6dc9421,,,,,,,,,,,,,,,-0.4409042155002565,,,,,,,-0.8854958147865835,,-0.074935476775628,,,,,,,,,,,,,,,2.9178334768836436,,,,,,,3.0510432383836443,,2.8772520543836433
268,677c6a292a433d204af0beb2,,,,-0.452794131750885,-0.271260624308021,,,,,,,,0.1264168045341737,,,,,,,,,,,,,,,2.8655432383836437,2.8864424318836437,,,,,,,,2.5354792808836435,,,,,,,,,,,
269,677e88dcd140af5cc685ec5f,,,,,,,,,,,,,,,-0.10287073134295475,,,,,,,-0.6288278046007965,,0.05766168194999716,,,,,,,,,,,,,,,2.7327386108836436,,,,,,,2.8903087203836435,,2.6981882028836432
270,6780342e1a334e3e5e4d8c77,,,,-0.3851934845371635,-0.4001396149342985,,,,,,,,0.131319582730229,,,,,,,,,,,,,,,2.7744787083836435,2.8953275453836436,,,,,,,,2.660453992383643,,,,,,,,,,,
271,67812e1765f6f3b55a81c807,,,,-0.6435756417759351,-0.659258322756747,,,,,,,,-0.0854468795251072,,,,,,,,,,,,,,,3.0056253103836443,2.940381317383644,,,,,,,,3.040761212883643,,,,,,,,,,,
272,6781e2745214f6bcc5c6d6c0,,,,,,,,,,,,,,,-0.8509679183768875,,,,,,,-1.141535852697555,,-0.45176798108245897,,,,,,,,,,,,,,,3.0864407838836434,,,,,,,3.297130012883643,,3.151132012883644
273,6782d20261dc524549bfc996,,,,-0.79868228206912,-0.6236815422317126,,,,,,,,0.15788137045029685,,,,,,,,,,,,,,,2.9193055503836436,2.8662086498836437,,,,,,,,2.7632283353836433,,,,,,,,,,,
274,6782ef1d3e5a37e918e613aa,,,,-0.2940192691250775,-0.372098128950401,,,,,,,,0.25905188255432454,,,,,,,,,,,,,,,2.9274399443836434,2.958248284383644,,,,,,,,2.849147358383644,,,,,,,,,,,
275,67843713168fd2db1ff7c4af,,,,,,,,,,,,,,,,-0.9682312460830664,,,,,-0.9432896443843061,,0.2918812020885525,,,,,,,,,,,,,,,,,3.1863548303836438,,,,,3.219735909383643,,2.8930473788836437,
276,67843bb2705852549a910c50,,-1.299767039077275,,,,,-0.857605299873593,,,,,-1.15875690760009,,,,,,,,,,,,,,3.2690663408836445,,,,,3.3357188178836426,,,,,3.2628794923836444,,,,,,,,,,,,
277,67857f6e4738df243094abdd,,,,,,,,,,,,,,,,-1.19719934946363,,,,,-1.24940312103513,,-0.489362729321702,,,,,,,,,,,,,,,,,2.9871539548836434,,,,,3.0303344133836427,,2.945100405383644,
278,6786d5ddfc32db55097ed259,0.059675142991413896,,,,,,,,,,-0.788311470434941,,,,,,-0.977611777442345,,,,,,,,2.854929475883643,,,,,,,,,,3.0806920503836435,,,,,,3.230398313383644,,,,,,,
279,6787055da728d9311a5fcf72,,,,,,,,,,,,,,,,-0.9860985961799815,,,,,-0.972195653132413,,0.16324712394285634,,,,,,,,,,,,,,,,,3.4011804203836427,,,,,3.342677545383644,,3.312394552883643,
280,6787269e7a955179dc3a6494,,,-1.01908179204274,,,,,,,,,,,,,,,-0.188388788437419,,-0.730648787738622,,,,,,,2.899460794883643,,,,,,,,,,,,,,,2.8205863213836437,,2.9948574353836435,,,,
281,6789ac8527bbce25fe21a7a4,,,,,,,,-0.44184281540591,,0.2525808458143795,,,,,,,,,-0.291649309608199,,,,,,,,,,,,,2.8115989328836433,,2.610840770883643,,,,,,,,,2.8719461583836434,,,,,
282,678a6b750f1332cef0ba2f5f,,,-0.057474895120457205,,,,,,,,,,,,,,,0.318433812958122,,-0.09598590915914199,,,,,,,3.1294013328836443,,,,,,,,,,,,,,,3.108351768383643,,3.216889467383644,,,,
283,678bd620286e8550a39abad2,,,,,,,,,,,,,,,,-0.8925737059008985,,,,,-0.8626225231656245,,0.47933369009963256,,,,,,,,,,,,,,,,,2.801637295383644,,,,,2.9012739678836432,,2.627049580883644,
284,678c395f495009bd4886f390,,,,,,,,,,,,,,,,-1.271756271499075,,,,,-1.263442026769885,,0.335476946511905,,,,,,,,,,,,,,,,,3.435318518383643,,,,,3.367460144383643,,3.3148288123836434,
285,678e4824c4168dc95cc7303d,,,,,,,,,,,,,,,,-0.7374749210884335,,,,,-0.629501049364297,,0.261360787524173,,,,,,,,,,,,,,,,,3.1303783868836437,,,,,3.0473694758836447,,3.003273510383643,
286,678e675739dd8b522239a1f1,,,0.386572692326669,,,,,,,,,,,,,,,-0.37402826777847603,,-1.27362615650329,,,,,,,2.849594792883643,,,,,,,,,,,,,,,2.263721849883643,,2.8036529433836437,,,,
287,678ffaadd2a9bbb0e63dd117,-0.06036727758598645,,,,,,,,,,-0.7176126468352835,,,,,,-0.8031553803340395,,,,,,,,2.8844756898836437,,,,,,,,,,3.0197132088836445,,,,,,3.060298445383644,,,,,,,
288,67901f88600a4a86b07e5d99,,,,,,,,,,,,,,,,-0.9664629767468771,,,,,-0.9625140370787735,,0.07743533789854619,,,,,,,,,,,,,,,,,3.1524581293836436,,,,,3.146407787383644,,2.9521504018836437,
289,679032d7919ecf9731e95358,,,,,,,,,,,,,,,-0.457183157927802,,,,,,,-0.8412404689555111,,0.1241164832570931,,,,,,,,,,,,,,,2.8559185348836436,,,,,,,2.9483498283836447,,2.8239261713836434
290,67912cb46a81e6e600ee50fd,0.0052868879703252,,,,,,,,,,-0.8015634209918355,,,,,,-0.8527303164428204,,,,,,,,2.9314965563836433,,,,,,,,,,3.231574364383644,,,,,,3.231948793383644,,,,,,,
