prolificID,acuity_block1,acuity_block2,acuity_grandMean,crowding_block1,crowding_block2,crowding_block3,crowding_block4,crowding_grandMean,rsvp_block1,rsvp_block2,rsvp_grandMean,reading_block1,reading_block2,reading_grandMean
559ad287fdf99b219a612d22,-0.41518718450000003,-0.48060936950000005,-0.44789827700000007,0.8456866949999999,0.8826589435000001,0.950354103,1.04075982,0.929864890375,2.5235793143836434,2.7428888583836435,2.633234086383643,2.322497908809831,2.2349904961915947,2.278744202500713
55d51a6b8ce09000127d4821,-0.5966585885000001,-0.6708086690000001,-0.63373362875,0.08959187550000007,0.04155195149999996,0.11945046050000004,-0.1035675815,0.03675667649999997,,,,2.398361698542482,2.2815125596716963,2.3399371291070894
5685850c333cbd000d4e042f,-0.494387649,-0.5405855965,-0.51748662275,,,,,,3.252130176383644,3.2741710993836435,3.2631506378836437,2.3446726073265487,2.411041196232734,2.3778569017796416
56b78f11e77ebe000cbefe79,-0.46386459900000004,-0.4401050405,-0.45198481975,,,,,,3.0385104573836434,3.2513853033836435,3.144947880383643,2.5389692714269083,2.422926698254738,2.480947984840823
57334d427d01ed00098e8e69,-0.5267247319999999,-0.5525824140000001,-0.539653573,0.36571972399999997,0.148871783,0.05353455849999994,0.335555593,0.22592041462499995,3.198826785383644,3.096108552383644,3.1474676688836443,2.393181708956709,2.2687364634486498,2.330959086202679
581bd344930a280001062c90,-0.5397256915000002,-0.528169424,-0.5339475577500001,0.30143816799999995,0.3263804135000001,0.314539342,0.3975270595,0.33497124575,3.325243481383644,3.1087737003836438,3.217008590883644,2.3346254723853486,2.3072263322766915,2.32092590233102
58404fd8ad98e40001ce915f,-0.3776894285,-0.39128721150000007,-0.38448832000000005,,,,,,3.1342466943836436,3.238136309383644,3.1861915018836435,2.4021930293442773,2.458095022761608,2.4301440260529423
588a59813e1f290001aa78c1,-0.5443800440000001,-0.5839294140000001,-0.5641547290000001,,,,,,3.166495455383644,3.188357244383644,3.177426349883644,2.525552665199516,2.45504382852771,2.4902982468636132
588ab33542c8e900019d02ae,-0.5045744325,-0.42798915199999993,-0.46628179225,0.17046341549999997,-0.01052711249999998,0.031209949000000004,0.11815134549999998,0.07732439937499998,2.8281594673836437,2.827800126383644,2.8279797968836435,2.316483103521399,2.336967940633571,2.3267255220774845
58adfc6e7cf56d0001f931a2,-0.47953433649999994,-0.42740715100000004,-0.45347074374999996,,,,,,2.7905354903836437,2.997795319383644,2.894165404883644,,,
5910a5f8748d450001ba3a67,-0.5617170215,-0.5446248725,-0.553170947,0.43195389400000006,0.3166159505,0.2466018309999999,0.37386912349999996,0.34226019974999994,2.978056839383644,3.0152941243836437,2.996675481883644,,,
5a8f01d95292b80001235d34,-0.4971228700000001,-0.48464940399999995,-0.490886137,0.27454046350000005,0.26746781,0.10443222699999995,0.288657955,0.23377461387499998,3.303729364383644,3.3792810153836434,3.341505189883643,2.412340973697065,2.431600500822492,2.4219707372597785
5af1c4dfaec2b600010a96c9,-0.36079983750000005,-0.2902660254999999,-0.32553293149999996,0.5230415055000001,0.3926970414999999,0.47715144550000005,0.4432202945,0.45902757175,2.913364903383644,2.810499799383644,2.8619323513836434,,,
5bb756696322c5000159756c,-0.49048020500000006,-0.5286609740000001,-0.5095705895000001,0.2589877315,0.156347446,0.2810934575,0.345682891,0.2605278815,3.3701498903836438,3.2926529403836433,3.3314014153836435,2.382410012906815,2.422636654311239,2.402523333609027
5bbb5e3f118c0600013c3202,-0.47146269900000004,-0.4480645705000001,-0.45976363475000004,0.418689884,0.33337924199999996,0.27200696300000005,0.2393047505,0.31584520987500003,,,,,,
5cad1eef8ed53d00180d2532,-0.48279713949999997,-0.5095009775,-0.4961490585,,,,,,,,,2.156545884230022,2.2858450477078653,2.2211954659689432
5cb206ee3d6647001724d5af,-0.5201861655000001,-0.5528754590000001,-0.5365308122500001,,,,,,3.304008784383644,3.330704683383644,3.3173567338836434,,,
5d12ce9596919a0019367dd4,-0.49463560199999995,-0.5348510360000001,-0.5147433189999999,0.415608872,0.24881676999999996,0.315870865,0.39270077600000003,0.34324932075000003,3.186676378383644,3.2877074923836433,3.2371919353836436,2.4195020172661263,2.385049906040955,2.4022759616535407
5d453e8723a5bb0001492546,-0.29386844700000003,-0.28534879250000006,-0.28960861975,0.4789027025,0.488177504,0.484670398,0.36816365100000004,0.4549785638749999,,,,2.241743351384175,2.0395064336962103,2.140624892540193
5d743ec4869c8f0019b35907,-0.38172155750000003,-0.411607341,-0.39666444925000005,0.6274047945,0.636955643,0.5998880475,0.37741935649999997,0.560416960375,3.0909966153836437,3.0802595613836434,3.0856280883836433,2.3850427715601787,2.3926874196335133,2.388865095596846
5d7bde81c7390f00169b2fdf,-0.5256427445,-0.5738626535,-0.549752699,,,,,,3.4137449833836437,3.4173745343836437,3.4155597588836435,2.5669151683738662,2.4719385591175995,2.519426863745733
5dd2d431181abc2ecde6edb4,-0.45661959449999995,-0.44836104200000004,-0.4524903182499999,,,,,,3.0723104143836437,2.9536727383836436,3.0129915763836435,2.4573549617999095,2.439532896013609,2.448443928906759
5de3c83c2033793be6591e53,-0.5430730885,-0.5512227205,-0.5471479045,0.18837963049999998,0.18345460600000005,0.39585561350000004,0.38448103,0.28804272000000003,,,,,,
5de7b588ff15c2a06658dd1d,-0.5158046095000001,-0.5497863669999999,-0.53279548825,,,,,,2.9882577553836436,3.166891795383644,3.0775747753836438,2.462348037597662,2.399541040531353,2.430944539064507
5e57d38b533eec1818078f0b,-0.4836531420000001,-0.5147630055000001,-0.49920807375000004,0.5115961625,0.4574452404999999,0.4708455569999999,0.48396053350000007,0.480961873375,3.1113766893836434,2.8388076263836437,2.9750921578836436,,,
5e80b109ca1800791e1ca40c,-0.509041518,-0.554884453,-0.5319629855000001,0.33675178550000007,0.211724303,0.3811249065,0.07540019299999996,0.251250297,3.2105563803836437,3.2528074323836433,3.2316819063836437,2.208981359252182,2.278863650618741,2.2439225049354614
5ea32a0ea7b59a0c92e82ac8,-0.33211767900000005,-0.388757364,-0.3604375215,0.580854059,0.6381102125,0.58853471,0.5489299135000001,0.58910722375,3.1063565373836437,3.0643041663836437,3.085330351883644,2.0995464578830925,2.1480919872853828,2.123819222584238
5ea619579a497562c9c5b34d,-0.49890788750000004,-0.494792026,-0.49684995675,0.5519438065,0.5001036445,0.420309763,0.40409438249999996,0.46911289912500004,3.171860140383644,3.1429707343836437,3.157415437383644,2.4663911167098242,2.53012252644306,2.498256821576442
5eadaff848b26f4483ae62d9,-0.5690552859999999,-0.49194183350000004,-0.5304985597499999,0.5320554805000001,0.5062701679999999,0.4108715229999999,0.3924538895,0.46041276525,3.2586862343836436,3.2457105863836437,3.2521984103836434,,,
5ebc87dc8442d10c0b9b2ff9,-0.4938282345,-0.5450466485,-0.5194374415,,,,,,3.2959435783836435,3.2890227903836435,3.2924831843836437,,,
5ed4c3d73ac88100098198f1,-0.5249644585000002,-0.5215120700000001,-0.5232382642500002,,,,,,3.3701498903836438,3.3501181143836436,3.3601340023836435,2.613144363820854,2.5496781149811207,2.5814112394009876
5f0788c06b220f03231666a0,-0.47497983400000005,-0.46092116750000006,-0.4679505007500001,,,,,,3.2630044123836437,3.313497876383644,3.288251144383644,2.685524342740929,2.6216752274732618,2.6535997851070956
5f5452df72345118f58d187b,-0.5810488360000001,-0.5375413505000002,-0.5592950932500002,,,,,,2.7804953433836435,2.8923854673836438,2.8364404053836436,2.3142945278411537,2.252497392804268,2.2833959603227107
5f675a08b51c00065fdbe3db,-0.7324677135000002,-0.7787321970000001,-0.75559995525,-0.06474575550000002,-0.28864219649999995,-0.43225395850000004,-0.4087124225,-0.29858858325,3.312697029383644,3.2689529283836434,3.2908249788836437,,,
5f98099d48060d0450394002,-0.416271162,-0.5658291704999999,-0.49105016625,0.6378409165,0.6380281765,0.743617457,0.4754552885,0.623735459625,3.392141161383644,3.4836478153836437,3.4378944883836438,2.535972877032534,2.447668162860903,2.4918205199467187
5fb281433a31c686f0ec3ecb,-0.532461104,-0.5332179405000002,-0.5328395222500001,0.663712057,0.552974135,0.385345982,0.6603003439999999,0.5655831295,3.358024078383644,3.3457007113836434,3.3518623948836437,2.5284414044361405,2.601341035920986,2.564891220178563
5fc2c0cfdb80f9025c6b4810,-0.5406698515,-0.5474868685000001,-0.5440783600000001,,,,,,3.3047930403836436,3.322347138383644,3.313570089383644,2.4827567663453975,2.5141157296485757,2.498436247996987
5fe40aa4dfcbb916af9c599a,-0.5909164900000001,-0.5119624460000001,-0.5514394680000001,0.28515678450000004,0.34429825700000005,0.11968650450000003,0.29703240249999996,0.261543487125,3.4173745343836437,3.392141161383644,3.4047578478836438,2.4741710462689745,2.439287814659652,2.4567294304643132
604fa685e33606f9a0ee8189,-0.5803714110000001,-0.559801069,-0.5700862400000001,0.24309363900000003,0.19734340949999996,0.213344402,0.16234667400000002,0.20403203112499999,,,,2.346512494460227,2.361549975962275,2.3540312352112513
60693e637bc58fc13d57b1a7,-0.5657463515000001,-0.5990320075000002,-0.5823891795,0.33211980299999994,0.17373091250000006,0.34746485000000005,0.025700999499999995,0.21975414125000003,3.1511451653836433,3.0537678433836435,3.1024565043836434,,,
6086a11397234e7f83e4e793,-0.5310028540000001,-0.461631649,-0.4963172515,,,,,,2.8338392693836436,2.8597890033836437,2.8468141363836437,,,
608f68107d9ea28c690af9d2,-0.5844568899999999,-0.6269743575000002,-0.6057156237500001,0.5454054159999999,0.5397805425000001,0.479674701,0.4866430715,0.51287593275,3.2792799783836437,3.0829431463836436,3.1811115623836432,,,
60c329e4a31bf9f8b6c87b3d,-0.5279308699999999,-0.5453424545000001,-0.5366366622500001,0.1479435685,0.0044363165000000145,-0.12647601999999994,0.03680635600000006,0.015677555250000048,3.035869096383643,3.1215713433836436,3.078720219883644,,,
60ed501279c68ea1a313d0aa,-0.41913787250000006,-0.4706422255,-0.44489004900000007,0.4346771995,0.3041295755,0.42197151200000005,0.39588596549999994,0.38916606312499996,3.0098065993836434,3.2058781463836437,3.1078423728836433,2.4473763684805885,2.4564305486398568,2.451903458560223
60fd29f9a87256295399a571,-0.5738663465000001,-0.5648232639999999,-0.5693448052500001,,,,,,3.1503743863836435,3.0599805303836436,3.105177458383644,,,
610ccf09b1b0759b2668ded1,-0.5382135859999999,-0.44000805049999997,-0.48911081824999997,0.4427295605,0.202840348,0.355057788,0.3409803325,0.33540200725,3.3095034943836437,3.2209528123836435,3.265228153383644,2.43860075882849,2.4831979722925825,2.4608993655605365
6112c911a83cc494df38b468,-0.47449302950000005,-0.527468406,-0.50098071775,0.5876101215,0.4326154964999999,0.5696506324999999,0.318032803,0.476977263375,3.2889839243836434,3.2342230993836436,3.2616035118836435,,,
615cb147f04efc8a8c2ff1e5,-0.216273549,-0.2847650095,-0.25051927925,0.560862317,0.481830496,0.47135348349999995,0.43508496649999995,0.48728281575,3.1321398633836437,3.0123247233836437,3.0722322933836437,2.4303597181705032,2.3971124783801403,2.4137360982753218
62db2644ab0a3a353c0dcb54,-0.486005947,-0.47952357850000005,-0.48276476275,0.35030850999999996,0.16544539749999998,0.3859735055,0.18517688999999996,0.27172607574999996,3.322347138383644,3.1833560123836437,3.252851575383644,2.3846780200427933,2.403064881740036,2.393871450891415
63174af7d57182f9bf90c094,-0.4928550440000001,-0.5409953615,-0.5169252027500001,0.643182482,0.44067452650000005,0.5725874565,0.46264688300000006,0.5297728370000001,3.1387974983836435,3.230859225383644,3.1848283618836435,2.2928618887248877,2.3122395077057085,2.302550698215298
632c673f8b99c86ac2fba537,-0.48163429650000006,-0.550733624,-0.5161839602500001,0.6416748059999999,0.5236689744999999,0.404833462,0.4680118615,0.5095472759999999,,,,,,
638e2eed82fa613f2140ba13,-0.519911997,-0.5319595445000002,-0.5259357707500001,0.30729008650000006,0.43494241699999997,0.37580271,0.216762837,0.33369951262499997,3.2133470023836437,3.137822996383644,3.175584999383644,2.26536526557227,2.231522539766134,2.248443902669202
63a9a8f2f098b7e45bd03721,-0.5129853135000001,-0.5641780425000001,-0.5385816780000001,,,,,,,,,2.5444920335229217,2.4083108334119503,2.4764014334674362
63b2d04ed0f53f75de4ba38e,-0.41553226100000007,-0.5018086439999999,-0.45867045250000005,,,,,,3.0588879223836436,2.9760366103836438,3.0174622663836437,,,
63f78d9a7a3d118594efff74,-0.4773455685,-0.5811878140000001,-0.52926669125,0.43711378149999996,0.268742468,0.19277539300000007,0.29205739999999997,0.29767226062499996,3.079926431383644,2.9912325723836437,3.035579501883644,2.2640200979868115,2.226515343801007,2.245267720893909
64401708880c30ec28b9aef4,-0.388970134,-0.613421348,-0.501195741,,,,,,3.137689694383644,3.3142465503836434,3.2259681223836436,2.24349819028696,2.3164115910570153,2.2799548906719878
644bc265cb8a19eab3311bab,-0.4314667770000001,-0.49423412450000004,-0.46285045075000003,0.49826817549999997,0.5535300934999999,0.6199536615000001,0.5791082299999999,0.562715040125,,,,2.257159406226057,2.2955839512832754,2.2763716787546664
647c65c5acb91c89819c7970,-0.39870249300000005,-0.41152169850000003,-0.40511209575000007,0.652953872,0.48907080900000005,0.5096806505,0.5915913415,0.5608241682499999,2.9474922353836437,2.9227866663836437,2.9351394508836437,2.245928665726197,2.2534070009480085,2.2496678333371025
6501b789e3ddbc0a0b79b925,-0.40799978100000006,-0.46386819300000004,-0.4359339870000001,,,,,,3.331373392383644,3.313497876383644,3.322435634383644,,,
6516d39e9eea4ed892cbb5b7,-0.514926963,-0.503121814,-0.5090243885,0.34831387999999996,0.30896891649999997,0.2946945795,0.06521357550000002,0.254297737875,3.390570757383644,3.3808423233836438,3.385706540383644,2.520540935443441,2.2934668123637336,2.4070038739035873
65178713fd459dd31fbfb62b,-0.5034804780000001,-0.5089364919999999,-0.5062084849999999,,,,,,3.090453627383644,3.2586683723836436,3.1745609998836435,,,
6526ba5706ea8e4e5cafde48,-0.507699233,-0.5029586005,-0.50532891675,0.40913266400000003,0.5373824855,0.45240320450000004,0.38456155599999997,0.4458699775,3.317160561383644,3.2656771463836436,3.291418853883644,2.371768370606282,2.4178109591791124,2.394789664892697
6544ff9e0fb2eaaf83e2de5c,-0.455747187,-0.46220551200000004,-0.45897634950000005,0.15891564900000002,0.09601177399999995,0.1441848025,0.09977970200000003,0.124722981875,3.3701498903836438,3.1511225713836435,3.2606362308836436,,,
654e3fca4ff8d33df725feae,-0.498524159,-0.4791187090000001,-0.4888214340000001,,,,,,3.4322203053836438,3.4510531753836435,3.4416367403836436,2.369839099110242,2.198073859810791,2.2839564794605165
656bb5b282d8f0267db9d167,-0.5463138195,-0.5361360805,-0.54122495,,,,,,3.2499671793836438,3.194398881383644,3.2221830303836443,2.591569671555052,2.5391307180977636,2.5653501948264075
65c50a5d05b32d6f18aef101,-0.6001713700000001,-0.6219947605,-0.6110830652500001,,,,,,3.0517545623836435,3.2396839823836436,3.145719272383644,,,
65ddeb426c748b12456eed89,-0.46039501499999996,-0.485286538,-0.47284077649999995,0.54666212,0.386372713,0.47286399800000006,0.429988186,0.45897175425000003,,,,2.401052030449935,2.3270404777523663,2.3640462541011504
65de3f6558e2556c9250e39e,-0.5201440295,-0.5901148745000001,-0.5551294520000001,,,,,,3.313497876383644,3.3374524553836435,3.3254751658836437,2.5919724647535003,2.5709672070893386,2.5814698359214194
65e64c08cd1bf3d6ab957af7,-0.43868062049999995,-0.4506247639999999,-0.44465269225,0.3847481125000001,0.36357524599999996,0.5114873465,0.6594448424999999,0.47981388687500004,3.2677773803836434,3.0959619863836436,3.1818696833836437,2.273275054820747,2.41781201255063,2.3455435336856887
65feaaac53eb219f09ad5ea0,-0.5923654640000001,-0.5087066980000001,-0.5505360810000001,0.5384064315,0.28450029149999995,0.34325941200000004,0.3960494975,0.390553908125,,,,2.3666898502036133,2.3317386640474793,2.3492142571255465
660604f1a9c44af2909516f6,-0.4927193455000002,-0.5159931065,-0.5043562260000001,0.40051627650000005,0.4329707845,0.45552008000000005,0.29923728499999996,0.39706110650000004,2.8583448073836437,2.796129933383644,2.8272373703836435,,,
661415341b1fdb1844c6f6a6,-0.40009506749999996,-0.4520648929999999,-0.42607998025000005,0.5975924375,0.4892761239999999,0.512286277,0.29059833949999997,0.47243829449999997,,,,,,
66231fc6e1ecba676935943a,-0.47473793750000004,-0.4007552675,-0.4377466025,0.3535359110000001,0.20308269300000004,0.18067572099999996,0.373157984,0.27761307724999995,3.392256418383644,3.3516948573836434,3.371975637883643,,,
662959b221d6790f5548ba36,-0.5328754174999999,-0.6017797485,-0.567327583,0.32290113099999995,0.17763900800000001,0.11033153949999999,0.2246572895,0.20888224199999997,3.291534625383644,3.277905484383644,3.284720054883644,2.5092925541382893,2.5068930162970786,2.508092785217684
663ca3bb2308c5634004f00e,-0.6611053150000002,-0.5940601185000001,-0.6275827167500001,0.368649007,0.29866763,0.3485001340000001,0.08537715150000001,0.27529848062500006,3.4836478153836437,3.384741221383644,3.434194518383644,2.55781583098176,2.5415795274679627,2.5496976792248613
664921b8a4c8fcf533571f7a,-0.5260323299999999,-0.5918112195,-0.5589217747499999,,,,,,3.4510531753836435,3.4836478153836437,3.4673504953836436,2.745337713848436,2.757555164552286,2.7514464392003615
664a4e8fb8a92bf4b389e8fd,-0.5395013800000001,-0.6505699365000001,-0.59503565825,0.610814056,0.6559394980000001,0.5158414259999999,0.5522460244999999,0.583710251125,2.9763926923836435,2.9675765363836435,2.971984614383644,,,
664e7baa0d6008036181a712,-0.4114130520000001,-0.4798168935000001,-0.44561497275,0.377747954,0.435221767,0.38246664550000004,0.12001584500000004,0.328863052875,3.1225858193836435,3.1785226093836436,3.1505542143836434,,,
665cc37706c5e959d6f680a3,-0.508847222,-0.5577127905,-0.53328000625,-0.28486264400000005,-0.175194498,-0.33315279400000003,-0.3996555405000001,-0.298216369125,3.4787119193836435,3.3501181143836436,3.414415016883644,,,
6661b368a58b43154e1c7560,-0.41921577549999994,-0.444081639,-0.43164870725,0.3547734190000001,0.28601527600000004,0.5761142205,0.5997811019999999,0.454171004375,3.3652285863836435,3.325076713383644,3.3451526498836435,,,
6665fdcffb9c8e828cd159cd,-0.6034227430000002,-0.5302817675,-0.56685225525,0.6324078485,0.6484018905000001,0.6145133054999999,0.5175973265,0.60323009275,3.009098438383644,2.9160958013836433,2.9625971198836436,2.5363589406376197,2.4524786073315905,2.494418773984605
666a55efa1dfe5f75c655953,-0.5207333649999999,-0.49816893749999996,-0.5094511512500001,0.46249798550000004,0.4169311729999999,0.33597899200000003,0.5123701135000001,0.431944566,2.9052417573836435,3.042803059383644,2.9740224083836435,2.2832217866137356,2.291597267560706,2.287409527087221
666fb6f24d1c14f333eb4a0a,-0.5318096749999999,-0.522585119,-0.527197397,0.2520586114999999,0.369134472,0.3912733910000001,0.20766297,0.305032361125,3.3808423233836438,3.3701498903836438,3.3754961068836438,2.365229434311454,2.5044462210904097,2.434837827700932
66708c3d9418ec5491c5483e,-0.4544870250000001,-0.4092759755,-0.43188150025000005,,,,,,2.8890883013836435,2.956795162383644,2.9229417318836437,,,
6672da623917a1e4eca8f4f4,-0.4733894355,-0.5583827015,-0.5158860685000001,0.46741349299999996,0.21207061,0.295526066,0.22034671900000002,0.29883922199999996,3.0815895663836437,2.9946883083836435,3.038138937383644,,,
66735fc590d2b006289002b6,-0.4069872145,-0.453819231,-0.43040322275000004,0.33536071400000006,0.4252147365,0.20775094300000002,0.15641163649999998,0.28118450749999996,2.9997447423836436,3.020035435383644,3.0098900888836435,2.0555445757360995,2.113452683420238,2.0844986295781687
6673c06ef972fa4885e8ec49,-0.5424077110000001,-0.5728444200000001,-0.5576260655000002,0.4449597125,0.32787560649999997,0.5055900619999999,0.23111445600000002,0.37738495925000004,3.3701498903836438,3.392141161383644,3.3811455258836434,2.4239562852611054,2.3900838686683916,2.4070200769647485
66757cddd8d92a5cbfda353f,-0.48661072,-0.5487282835,-0.51766950175,,,,,,3.067299154383644,2.919159430383644,2.993229292383644,,,
6676fab6295042ff191ead64,-0.4264785755,-0.3983003950000001,-0.41238948525000013,0.604248661,0.6263986345,0.5164950425,0.530551166,0.5694233759999999,3.2344695083836434,3.2154673693836435,3.2249684388836433,2.3258560448694907,2.2915459598418813,2.308701002355686
667c2175b570aa694ce2f63c,-0.5006677795,-0.5786846580000001,-0.5396762187499999,0.24683408499999995,0.27050743650000003,0.315313782,0.2391892955,0.26796114975,3.384741221383644,3.331373392383644,3.358057306883644,,,
66821bd8c0252a33b4c4390f,-0.29892476100000004,-0.5535191300000001,-0.42622194550000003,0.638949394,0.4887643864999999,0.37273611549999996,0.4455706450000001,0.48650513525,3.1902682563836438,3.1782056473836438,3.1842369518836438,,,
66823a439b3e59a13b37a28f,-0.44373424450000004,-0.500876561,-0.47230540275000005,,,,,,3.135447564383644,3.2241992783836437,3.179823421383644,2.3126616063860843,2.3303918776926227,2.3215267420393535
6682fb350787f54e89d4001b,-0.31859218999999994,-0.311786773,-0.3151894815,0.7763160495,0.901201004,0.845900544,0.7557365845,0.8197885455,2.6908431723836435,2.821446298383644,2.7561447353836437,,,
66849954ad6f34a6abffe11f,-0.49862505,-0.4896731075000001,-0.49414907875,0.6225190005000001,0.6126082985000001,0.5877003945,0.4959956005,0.5797058235000001,2.7996135783836436,2.7560157223836437,2.7778146503836436,,,
66929bbddece52b3d6569339,-0.5678291350000001,-0.574577594,-0.5712033645000001,0.37552705249999996,0.25548737099999996,0.10720654600000001,-0.05823173650000004,0.16999730824999998,2.907758410383644,3.0890466393836435,2.9984025248836437,2.416734119550761,2.3148072006009306,2.365770660075846
669a4f388b2de8df723faf1e,-0.3180317655,-0.3433539944999999,-0.33069287999999997,0.403006096,0.21982990749999998,0.451295758,0.17871581849999998,0.31321189499999996,3.2077980953836436,3.2571993233836434,3.2324987093836435,2.2557160480548983,2.261523205425244,2.258619626740071
66a3b486230b71f8d86a5eec,-0.35349634999999996,-0.5031802259999999,-0.428338288,0.5760623844999999,0.5334505275,0.4626960485,0.58267201,0.5387202426250001,3.0081308433836433,2.8812959143836436,2.9447133788836437,2.2457322791898293,2.2283254978671008,2.2370288885284646
66b223d532199c29ed32c8f4,-0.5428232920000001,-0.5497524100000001,-0.5462878510000001,0.5743117309999999,0.5572834525000001,0.4799270285000001,0.39870261100000004,0.50255620575,3.2586313023836437,3.3137918513836437,3.2862115768836437,,,
66b73f9ba035651170b94c76,-0.4463639575,-0.4194075945,-0.432885776,0.328398153,0.343323514,0.3083940465000001,0.10358549199999999,0.27092530137500004,3.313497876383644,3.297112765383644,3.305305320883644,,,
66bfd4b46a7e9cec65d88461,-0.5512157075,-0.5636237420000001,-0.5574197247500001,0.30559429800000004,0.3150634199999999,0.4055968085,0.4229046974999999,0.36228980599999994,2.9201702713836437,2.9891686373836444,2.954669454383644,,,
66d4407f31981698998d25d8,-0.4733918875000001,-0.6090468015,-0.5412193445,,,,,,2.8804757803836436,2.913560710383644,2.8970182453836433,,,
66d8b1917c364ec10c95a0c6,-0.6031964790000001,-0.6087212310000001,-0.605958855,0.443400934,0.57530836,0.29685135300000004,0.325009118,0.41014244125000004,3.3594625083836434,3.1793405653836437,3.2694015368836435,2.335662548496647,2.4076615939905164,2.3716620712435814
66e8f81e357d882730f18be0,-0.4416106095,-0.49131447950000007,-0.4664625445000001,0.6307767625,0.5244788635000001,0.5698408970000001,0.5420149234999999,0.566777861625,2.8556807903836434,2.8827318173836436,2.8692063038836437,,,
66f46179fa81f408915abaaa,-0.3786842115000001,-0.4493011150000001,-0.41399266325,,,,,,3.2705023493836434,3.359939310383644,3.315220829883644,2.459204081063463,2.3726117706834846,2.4159079258734737
66f75ca6c63db2214194b1cc,-0.41900091800000006,-0.4368609795000001,-0.42793094875,,,,,,3.3017424173836436,3.1100966603836437,3.2059195388836432,,,
67104869a47a61b561900be7,-0.40683526650000007,-0.28382868800000005,-0.34533197725000003,0.5405913615,0.44707208100000007,0.5091501580000001,0.5587753989999998,0.5138972498750001,3.2619949003836437,3.3172304053836434,3.2896126528836436,,,
67104c7deff954cb22438402,-0.49710607900000003,-0.45450781500000004,-0.47580694700000004,0.23087081499999998,0.18348004900000003,0.24136602950000008,0.11281783799999998,0.19213368287500004,3.359939310383644,3.322347138383644,3.341143224383644,2.5648136970999387,2.3881325541340837,2.4764731256170114
6718da927f1110131780367d,-0.5763654105,-0.6238815685,-0.6001234895,0.14962562900000007,0.27392933999999997,0.14319269750000002,0.2154075355,0.19553880050000003,3.331155373383644,3.4042237843836434,3.3676895788836436,2.4931764427774423,2.4172259451781914,2.4552011939778167
671961a21d864743f6277a27,-0.5593747484999999,-0.610548612,-0.5849616802500001,0.22855425250000005,0.30614313200000004,0.337204007,0.279297475,0.287799716625,3.1119736143836434,3.110894939383644,3.1114342768836436,2.266368840720438,2.397999888664372,2.332184364692405
672135003f5e272c889620ea,-0.570799884,-0.48966990600000004,-0.5302348950000001,,,,,,3.399188300383644,3.3498159713836437,3.3745021358836436,2.0150021020110365,2.0436466888924385,2.0293243954517375
672166c613ae45d2990702b6,-0.4043512535000001,-0.40787467650000003,-0.4061129650000001,,,,,,3.2997846783836433,3.311608601383644,3.305696639883644,,,
672628f1dd186b536530f278,-0.530327311,-0.5426317505000001,-0.53647953075,0.6442576885,0.6056857394999999,0.3843400970000001,0.42344239599999994,0.51443148025,,,,,,
67269f439696d166fbb74e09,-0.480499985,-0.48887669950000007,-0.4846883422500001,,,,,,2.9891303483836436,3.1173835013836437,3.0532569248836436,2.098756098049323,2.100323713175798,2.0995399056125605
672a8544e38b571bd7d4fb71,-0.53800504,-0.5822012405,-0.5601031402500001,0.15108346599999994,0.012305878499999973,0.057790580000000064,0.012131235500000021,0.05832779000000002,3.3406150143836437,3.3406150143836437,3.3406150143836437,2.304360529395323,2.3437934231288184,2.324076976262071
672feab4c04c20d23bc0e95d,-0.5539729215,-0.6163629585,-0.58516794,0.2637884715,0.162144541,0.311114788,-0.008865116499999996,0.18204567099999996,3.3129299443836437,3.313497876383644,3.3132139103836438,2.5534214566459394,2.696383304576866,2.624902380611403
6731b2a212a760a9375e0943,-0.5232517315000002,-0.533115555,-0.52818364325,0.338136352,0.48695207,0.354548674,0.33612103449999997,0.37893953262499996,3.0108925263836435,3.0852416993836433,3.048067112883643,2.098031031034111,2.1782064850835785,2.138118758058845
6733ca6572d14762aea012ad,-0.4223759505000001,-0.5136456815,-0.46801081600000005,0.2993659935,0.4705982615,0.284956224,0.3047534505,0.33991848237499994,,,,2.152370024066123,2.08655516448385,2.1194625942749865
67363452674f3db8059e7888,-0.4962992455000001,-0.4338708585,-0.4650850520000001,0.2710623940000001,0.42298033249999994,0.22114919450000003,0.4724300305,0.346905487875,3.3701498903836438,3.4042237843836434,3.3871868373836436,,,
67411aa0172afbb200bd2c59,-0.5353441234999999,-0.4408644595,-0.48810429150000006,,,,,,3.3501181143836436,3.2652810233836433,3.3076995688836432,,,
67439be8ee2236a7c078d523,-0.48213001049999993,-0.4686862275000001,-0.47540811899999996,0.38646449950000006,0.33462375749999995,0.124373781,0.11344954300000001,0.23972789525000002,3.3808423233836438,3.4042237843836434,3.3925330538836436,2.485317745055441,2.510572658378714,2.497945201717078
6743c8da977b0d274dad1fc2,-0.59686826,-0.6364936895000001,-0.61668097475,0.4991729015,0.4686055009999999,0.274657281,0.5282318370000001,0.442666880125,2.8784179823836435,2.9327079613836435,2.9055629718836435,,,
6746c680672c3ab45f25efb7,-0.47064045600000004,-0.48861312200000007,-0.479626789,,,,,,3.3220589123836435,3.145127817383644,3.233593364883644,2.405051027529642,2.4056345311522205,2.405342779340931
6747f2e7a7bbb1b5cdb7b365,-0.41885713500000005,-0.45416467949999995,-0.43651090724999997,0.2459628055,0.335499729,0.35723552000000003,0.37890091400000003,0.32939974212499995,2.980931136383644,2.9896030643836435,2.985267100383644,,,
67486ef5b88595ed8d20fe7c,-0.5688757470000001,-0.6112586625000002,-0.5900672047500001,,,,,,3.1006049603836434,3.3272875023836437,3.2139462313836438,,,
6750bac54816fc7028a10a46,-0.45667302050000014,-0.4783317335,-0.46750237700000014,0.6119726405,0.43094022649999997,0.4790861585,0.40572321749999996,0.48193056075,3.359939310383644,3.2268167633836438,3.293378036883644,,,
675d61c63a00cb308be414f7,-0.5744948544999999,-0.5436049235000001,-0.559049889,,,,,,3.2718878533836437,3.145463797383644,3.2086758253836436,,,
675de3bd64119cef93edfc75,-0.5595247865000001,-0.4968590265,-0.5281919065,0.6412955204999999,0.6134300335,0.6827937865,0.5552979699999999,0.6232043276250001,3.1080889333836437,3.2505279653836436,3.1793084493836434,2.2177070109459076,2.1200403445464304,2.168873677746169
6760530dda5ffd6c22301dce,-0.45112937950000004,-0.5598477315,-0.5054885555,0.120788054,0.11088408099999998,-0.11340312949999998,0.056943163499999984,0.043803042249999966,3.359939310383644,3.313497876383644,3.336718593383644,,,
676304145bbe20d1fd5d653c,-0.5433769195,-0.462779737,-0.5030783282500001,,,,,,3.0320246193836438,2.8951990243836434,2.9636118218836436,,,
67657279b0bce380fa33721e,-0.498545312,-0.43269451200000003,-0.465619912,0.5208583485,0.33262558600000003,0.4298811905,0.653542189,0.48422682850000004,,,,2.4383093526889277,2.2131291246925198,2.325719238690724
676add84a7c12204af3e4c90,-0.3477318985,-0.333151161,-0.34044152974999997,0.5990949929999999,0.5873752795,0.5842817785,0.5911247265,0.5904691943749999,2.8179017333836436,3.0260340533836434,2.921967893383644,,,
676d346f257c35fb4c43e63b,-0.5552566695000001,-0.6738122675,-0.6145344685,,,,,,3.3481351683836436,3.1781368453836434,3.2631360068836432,2.547530096910587,2.5282866685989442,2.5379083827547655
676e09a334757c5868cce157,-0.5927459255,-0.6771218455000001,-0.6349338855000001,,,,,,3.4224267793836436,3.4510531753836435,3.4367399773836436,2.458679782167005,2.23382050569626,2.3462501439316323
67700724f07c694ad429287a,-0.551328743,-0.5516983070000001,-0.5515135250000002,0.585726657,0.6364783895000001,0.5310189475000001,0.48367192,0.5592239785,3.392141161383644,3.3808423233836438,3.386491742383644,2.9834525003360652,2.7763834389564757,2.8799179696462702
6771a01f1265f76e247ec6ab,-0.5436737305000001,-0.580817493,-0.5622456117500001,0.5594804925,0.6138497700000001,0.401894059,0.43989623800000005,0.503780139875,,,,3.0648266482278204,2.790105670579416,2.9274661594036187
67769375527d252db09e7d60,-0.5300639445,-0.5467259700000001,-0.5383949572500001,0.48390110000000003,0.4710022375,0.3289128985,0.20563784350000003,0.37236351987500005,3.1188584613836436,3.3045130763836434,3.211685768883643,2.5524059706158915,2.493262186170096,2.5228340783929935
6777f3e9760d3844217b5ea8,-0.5532227435000001,-0.5812059485000001,-0.5672143460000001,0.568969619,0.503036542,0.5438468925000001,0.4699261094999999,0.5214447907499999,2.9819836523836436,3.059728267383644,3.0208559598836437,2.4366203184049677,2.2605505573294007,2.348585437867184
6778842e3f7e2e62756f7178,-0.36455939200000004,-0.36637976600000005,-0.36546957900000004,,,,,,3.3808423233836438,3.4836478153836437,3.4322450693836437,2.353491865351369,2.368737304565643,2.3611145849585062
67803b5508f3d995ef13696b,-0.592700663,-0.5708726255,-0.5817866442499999,0.3103177130000001,0.327608522,0.41732082099999995,0.28713350600000004,0.3355951405,2.8564912323836436,3.0715685013836436,2.9640298668836436,2.268819989004551,2.3580384587905368,2.3134292238975442
678ddb5f75ad8c49b8347e79,-0.48326845850000005,-0.43721964800000007,-0.46024405324999995,0.473539377,0.6082964494999998,0.5648105170000001,0.5398616454999999,0.54662699725,2.9597983873836435,2.9856971173836437,2.9727477523836434,2.24002045656926,2.2569406721419094,2.2484805643555843
67acbb030811018b016dcaf7,-0.4810643560000001,-0.5223721715,-0.50171826375,0.4037034875,0.303275762,-4.7419499999966826e-05,-0.0541117915,0.16320500962500004,,,,,,
67c1ce78c21573ec238ef382,-0.5090427445,-0.5834178885,-0.5462303165,0.289975171,0.42153677349999996,0.439448564,0.37080062199999997,0.380440282625,2.9116553733836437,3.052606620383644,2.982130996883644,2.092483197222693,2.1591577831791895,2.125820490200941
67c70c52a1bcef4f5a09bb5b,-0.28799515350000005,-0.3982585115,-0.34312683250000003,,,,,,3.3399702283836437,3.2910904593836436,3.3155303438836436,,,
67c74ce85a53a3888145adfd,-0.4039049415,-0.41241722700000005,-0.4081610842500001,0.5032965279999999,0.29406597649999994,0.2483977565,0.1422937955,0.297013514125,3.2037773913836434,3.359939310383644,3.2818583508836436,,,
67ccdedfed7594041a89df19,-0.5426742615,-0.559141596,-0.55090792875,0.5999405360000001,0.4889812035,0.590621236,0.5817409684999999,0.565320986,2.9037863843836433,2.8142146553836436,2.8590005198836432,,,
67d054da1ace82013b5f0d99,-0.6173666880000002,-0.4750033975,-0.5461850427500001,,,,,,3.1568094303836434,3.098267466383644,3.127538448383644,,,
67d8c5c9af10b96e0f5c4daf,-0.5649782955000001,-0.5576195235000001,-0.5612989095,0.425163972,0.2772106575,0.335278297,0.2276315375,0.316321116,2.933340369383644,2.9502146263836435,2.9417774978836437,2.0424782780473403,1.9831391354309844,2.0128087067391625
67dc489d382612526415e4b1,-0.49206810300000003,-0.432739082,-0.46240359250000007,0.17444421200000002,0.15788138249999994,0.1796418315,0.30513386449999996,0.20427532262499998,3.251459718383644,3.2304783553836436,3.2409690368836435,2.2821635411411547,2.3487669762309524,2.3154652586860536
67df1fe4815dd262e75aac89,-0.5688114355,-0.5363116380000001,-0.5525615367500001,0.26790412399999997,0.4761463824999999,0.3183632465,0.3537443645,0.35403952937499994,3.098312865383644,3.0735622683836437,3.085937566883644,2.6143403879074123,2.4602967775172226,2.5373185827123175
67e461f383bb0fc948ffd5fd,-0.46541587000000006,-0.46649977800000003,-0.465957824,,,,,,3.1900818253836434,3.161595831383644,3.1758388283836436,2.5853042882497026,2.636041646625181,2.610672967437442
67fffee26ec983c07f3a2abd,-0.39805745900000006,-0.5552677540000001,-0.47666260650000003,,,,,,,,,2.1024895443968803,2.279796339324604,2.1911429418607424
5e7bc6522b3c381f6e3c1b3f,,,,0.37810850199999996,0.43043297950000003,0.21687329250000004,0.551529421,0.39423604875,3.3220589123836435,3.3000244343836433,3.3110416733836434,2.234632771354656,2.178579372946792,2.206606072150724
60721c2da01b3a616edba9a7,,,,0.3551490885,0.4654828970000001,0.22521919699999998,0.409583975,0.363858789375,2.9088795203836435,3.1224297993836436,3.015654659883644,,,
63af557b3d4f219c3226b7d6,,,,0.49697932600000005,0.38973380350000003,0.518723155,0.415344212,0.455195124125,3.3180162163836435,3.4322203053836438,3.3751182608836436,2.4624887115060123,2.4456568368486753,2.454072774177344
6544fd4daeb0e81889e217f7,,,,0.52897465,0.5617126865000001,0.520118115,0.5914896195,0.55057376775,3.1292088913836436,3.049591292383644,3.0894000918836437,2.1672893566965628,2.2365051243754466,2.201897240536005
672ca2646b6c51429825766f,,,,0.7060327135000001,0.7161095000000001,0.6746267735,0.6986321184999998,0.698850276375,3.2775719143836435,3.139076408383644,3.2083241613836435,,,
5c0873675b32d500012e3f2c,,,,,,,,,3.383188376383644,3.3701498903836438,3.3766691333836434,2.533404586159364,2.5403229058436576,2.536863746001511
5fa4c21a04bc5912180291bc,,,,,,,,,3.3701498903836438,3.1102750733836437,3.2402124818836437,2.461392062891348,2.452672774045005,2.457032418468177
64837ba51422d817b62cc5cc,,,,,,,,,3.3701498903836438,3.3808423233836438,3.3754961068836438,2.3453560988059934,2.350459032727158,2.347907565766576
66620fca28f0722a3733b612,,,,,,,,,2.9161405313836437,2.6731146023836434,2.7946275668836433,,,
672f51ea346fba23ddd5a793,,,,,,,,,2.7482755863836434,2.8990313223836437,2.8236534543836433,,,
673feeafa80a279f5cc63e33,,,,,,,,,2.8767278643836436,2.940548976383644,2.908638420383644,2.23078186473433,2.1665911756415692,2.1986865201879495
58cd0bc2a47dbb000171dc8b,,,,,,,,,,,,2.368047082945137,2.3270114632289705,2.3475292730870536
65031d5ca9f619d9e0412f0a,,,,,,,,,,,,2.573354152237609,2.4275923896620597,2.5004732709498345
672bb1963a3e366539886bfc,,,,,,,,,,,,2.294029473565041,2.3392502574770786,2.31663986552106
